q1,q2,q3,qd1,qd2,qd3,t1,t2,t3,q1_dot,q2_dot,q3_dot
0,0,-1.5707963267949,0,-1.5707963267949,-1.5707963267949,,,,,,
0.000222796344147,-0.211921445052272,-1.56951171848635,0.003240459588447,-1.57259658212181,-1.56899607146798,,,,,,
0.00101882943648,-0.429043168770772,-1.5692511896476,0.007093127146565,-1.57473695298743,-1.56685570060236,,,,,,
0.002367918905041,-0.619117865755906,-1.56868221097946,0.011112490479308,-1.57696993261673,-1.56462272097306,,,,,,
0.004248524075674,-0.784568709417366,-1.56780574434111,0.015312562999772,-1.57930330623921,-1.56228934735058,,,,,,
0.006643498677745,-0.927711143554801,-1.5666247106633,0.019709192214519,-1.58174587802518,-1.55984677556461,,,,,,
0.009540051547888,-1.05075088218831,-1.56514292705414,0.024320391819811,-1.58430765558368,-1.55728499800611,,,,,,
0.012929811236792,-1.15578229965764,-1.56336413659572,0.029166757255157,-1.58700008082554,-1.55459257276425,,,,,,
0.016809148756434,-1.24478730236601,-1.56129109325759,0.034272001205239,-1.58983632746447,-1.55175632612532,,,,,,
0.021179807775173,-1.31963476956749,-1.55892465089439,0.039663673562753,-1.59283170099643,-1.54876095259337,,,,,,
0.026049921136837,-1.38208067663274,-1.55626277461563,0.045374189044348,-1.59600420959731,-1.54558844399248,,,,,,
0.031435627537941,-1.43376910148573,-1.5532993218325,0.051442416156368,-1.59937544688177,-1.54221720670803,,,,,,
0.037363826440356,-1.47623455968632,-1.55002226831552,0.057916392982975,-1.60297210067433,-1.53862055291547,,,,,,
0.04387744376999,-1.51090683794838,-1.54641059884024,0.064858558400059,-1.60682885923937,-1.53476379435042,,,,,,
0.051047116775546,-1.53912194066488,-1.54242767881535,0.072357420501957,-1.61099489374043,-1.53059775984937,,,,,,
0.059003248593184,-1.56215329087227,-1.53800334679183,0.0805596577687,-1.61555169222195,-1.52604096136784,,,,,,
0.06799171678601,-1.58121355011613,-1.53300291454949,0.089725148757225,-1.62064363166002,-1.52094902192977,,,,,,
0.076354867663589,-1.59457037960434,-1.52834934560784,0.098188643850045,-1.62534557337825,-1.51624708021154,,,,,,
0.084735099739622,-1.6051503581048,-1.52368648791962,0.106627387156589,-1.63003376410411,-1.51155888948568,,,,,,
0.093136850566145,-1.61385676994852,-1.51901242693127,0.115058500982098,-1.6347177162294,-1.5068749373604,,,,,,
0.101578238925575,-1.62130645894802,-1.51431742149744,0.123508567010094,-1.63941219735606,-1.50218045623373,,,,,,
0.109747944082284,-1.62767277012756,-1.5097743973361,0.131672346534693,-1.64394763042528,-1.49764502316451,,,,,,
0.117845094356764,-1.63342111308461,-1.50527260642191,0.139753330809167,-1.64843706613332,-1.49315558745647,,,,,,
0.12588378212098,-1.63874601211704,-1.50080405694029,0.147768221174406,-1.6528897830029,-1.48870287058689,,,,,,
0.133876911960615,-1.64377919049126,-1.49636142755041,0.155731644599445,-1.65731390712792,-1.48427874646187,,,,,,
0.141828588894421,-1.64860644462418,-1.4919423082174,0.163648881293812,-1.66171237195813,-1.47988028163167,,,,,,
0.149740011789636,-1.65328532770313,-1.48754592586935,0.171521941956506,-1.66608629454851,-1.47550635904128,,,,,,
0.157611252134962,-1.65785488101618,-1.48317215445364,0.179351463711573,-1.67043602885688,-1.47115662473291,,,,,,
0.165441936323892,-1.66234172906058,-1.47882113320739,0.187137470318543,-1.67476158808298,-1.46683106550682,,,,,,
0.173231527646623,-1.66676407417082,-1.47449310703631,0.194879706935031,-1.67906283064769,-1.4625298229421,,,,,,
0.180979444499299,-1.6711343701129,-1.47018835801092,0.202577794356652,-1.68333954588193,-1.45825310770787,,,,,,
0.18868510818733,-1.67546113150257,-1.46590717630017,0.210231301523177,-1.68759149430777,-1.45400115928202,,,,,,
0.19634796068792,-1.67975016671035,-1.46164984818522,0.21783978025288,-1.69181842693539,-1.44977422665441,,,,,,
0.203967469825656,-1.68400542161591,-1.45741665145359,0.225402782093713,-1.69602009462474,-1.44557255896506,,,,,,
0.211543129380406,-1.68822955876266,-1.45320785395798,0.2329198664718,-1.70019625261256,-1.44139640097723,,,,,,
0.219074457690126,-1.692424355944,-1.44902371330922,0.240390604834339,-1.70434666281397,-1.43724599077582,,,,,,
0.226560995749956,-1.69659098090309,-1.44486447709399,0.247814582570405,-1.70847109488957,-1.43312155870023,,,,,,
0.234002305386705,-1.70073018094961,-1.44073038324693,0.255191399823702,-1.71256932669695,-1.42902332689284,,,,,,
0.24139796793524,-1.70484241415841,-1.43662166029838,0.262520671989341,-1.71664114456675,-1.42495150902304,,,,,,
0.248747582946884,-1.70892794006409,-1.43253852772415,0.26980202968183,-1.7206863432848,-1.42090631030499,,,,,,
0.256050767325273,-1.71298688258721,-1.42848119614968,0.27703511874024,-1.72470472609503,-1.41688792749476,,,,,,
0.263307154545935,-1.7170192736294,-1.42444986757762,0.28421960004945,-1.72869610460015,-1.41289654898965,,,,,,
0.270516394051278,-1.7210250833437,-1.4204447355707,0.291355149350701,-1.7326602986564,-1.4089323549334,,,,,,
0.277678150512758,-1.72500424102376,-1.41646598554802,0.298441456793253,-1.73659713612448,-1.40499551746531,,,,,,
0.284792103616461,-1.72895664982286,-1.41251379482024,0.305478226915825,-1.74050645285924,-1.40108620073055,,,,,,
0.291857947527548,-1.73288219680452,-1.40858833282503,0.312465178248939,-1.74438809248875,-1.39720456110104,,,,,,
0.298875390366222,-1.73678075987599,-1.40468976137264,0.319402042886512,-1.74824190617629,-1.3933507474135,,,,,,
0.305844154075965,-1.74065221276423,-1.40081823468556,0.326288566415906,-1.75206775258151,-1.38952490100828,,,,,,
0.312763973851522,-1.74449642823087,-1.39697389969166,0.333124507392368,-1.75586549756843,-1.38572715602136,,,,,,
0.319634598039941,-1.74831328049134,-1.39315689606114,0.339909637266893,-1.75963501416539,-1.3819576394244,,,,,,
0.326455787578002,-1.7521026466371,-1.38936735650583,0.346643739846258,-1.76337618226504,-1.37821647132475,,,,,,
0.333227315800994,-1.75586440774692,-1.38560540687577,0.353326611113245,-1.76708888852448,-1.37450376506532,,,,,,
0.339948968076603,-1.75959844953885,-1.38187116635549,0.359958058869468,-1.77077302616682,-1.37081962742297,,,,,,
0.346620541567749,-1.76330466284018,-1.37816474759063,0.366537902502339,-1.77442849485175,-1.36716415873804,,,,,,
0.353241844839111,-1.76698294379235,-1.37448625690274,0.373065972595657,-1.77805520045915,-1.36353745313064,,,,,,
0.359812697635028,-1.77063319402615,-1.37083579440992,0.379542110707868,-1.78165305496593,-1.35993959862386,,,,,,
0.366332930499397,-1.77425532066113,-1.36721345423596,0.385966168993593,-1.78522197623578,-1.35637067735401,,,,,,
0.372802384569578,-1.77784923633985,-1.36361932462336,0.392338009996127,-1.78876188790386,-1.35283076568594,,,,,,
0.379220911272859,-1.78141485916444,-1.36005348810092,0.398657506343518,-1.79227271920796,-1.34931993438183,,,,,,
0.385588371917834,-1.78495211254394,-1.35651602170993,0.404924540341117,-1.79575440476218,-1.34583824882761,,,,,,
0.391904637585259,-1.78846092518642,-1.35300699706425,0.411139003858936,-1.79920688449431,-1.34238576909549,,,,,,
0.398169588769753,-1.79194123093734,-1.34952648054896,0.417300797973712,-1.80263010344696,-1.33896255014283,,,,,,
0.404383115186265,-1.79539296869847,-1.34607453342757,0.423409832773188,-1.80602401166889,-1.3355686419209,,,,,,
0.410545115294929,-1.79881608218288,-1.34265121210573,0.429466026883649,-1.80938856395248,-1.33220408963731,,,,,,
0.416655496231782,-1.80221051988979,-1.33925656816962,0.435469307396758,-1.8127237197931,-1.3288689337967,,,,,,
0.422714173587394,-1.80557623499115,-1.33589064850878,0.441419609646783,-1.81602944326533,-1.32556321032446,,,,,,
0.428721070908949,-1.80891318506185,-1.33255349559264,0.447316876716523,-1.81930570274852,-1.32228695084127,,,,,,
0.434676119718164,-1.81222133209454,-1.32924514746055,0.453161059450078,-1.82255247093383,-1.31904018265596,,,,,,
0.440579259029946,-1.81550064223563,-1.32596563798908,0.458952115975545,-1.82576972455909,-1.3158229290307,,,,,,
0.446430435379858,-1.81875108580308,-1.32271499687678,0.464690011727321,-1.82895744442119,-1.31263520916861,,,,,,
0.452229602166886,-1.82197263692305,-1.31949325000927,0.470374718796918,-1.83211561501541,-1.30947703857439,,,,,,
0.457976719899736,-1.82516527366799,-1.31630041932238,0.476006216170149,-1.8352442246672,-1.30634842892259,,,,,,
0.463671755689939,-1.82832897777594,-1.31313652308377,0.481584489225787,-1.83834326525367,-1.30324938833613,,,,,,
0.469314683005135,-1.83146373451415,-1.31000157602996,0.487109529489775,-1.84141273206699,-1.3001799215228,,,,,,
0.474905481564603,-1.83456953262151,-1.3068955894244,0.492581334528862,-1.84445262375538,-1.29714002983442,,,,,,
0.480444137100405,-1.83764636417619,-1.30381857119012,0.497999907712724,-1.84746294219085,-1.29412971139894,,,,,,
0.485930641050577,-1.84069422442542,-1.30077052608021,0.50336525790988,-1.85044369230039,-1.29114896128941,,,,,,
0.491364990472821,-1.84371311173777,-1.29775145572574,0.50867739939954,-1.85339488201686,-1.28819777157293,,,,,,
0.496747187763689,-1.84670302744725,-1.29476135879181,0.513936351593302,-1.85631652212451,-1.28527613146528,,,,,,
0.502077240407112,-1.8496639757137,-1.29180023111721,0.519142138785912,-1.8592086261204,-1.28238402746939,,,,,,
0.507355160970712,-1.85259596352082,-1.28886806571649,0.524294790148141,-1.86207121021053,-1.27952144337926,,,,,,
0.512580966650998,-1.85549900042352,-1.28596485303262,0.529394339279274,-1.86490429306116,-1.27668836052863,,,,,,
0.517754679337483,-1.85837309858366,-1.28309058090139,0.534440824266466,-1.86770789583182,-1.27388475775797,,,,,,
0.522876325246494,-1.86121827256658,-1.28024523475485,0.539434287324187,-1.870482041975,-1.27111061161479,,,,,,
0.527945934818492,-1.86403453928409,-1.27742879767829,0.544374774691054,-1.87322675717882,-1.26836589641098,,,,,,
0.532963542532536,-1.86682191789144,-1.27464125051343,0.549262336445922,-1.87594206926485,-1.26565058432494,,,,,,
0.537929186678363,-1.8695804296607,-1.27188257198494,0.554097026282935,-1.87862800806319,-1.2629646455266,,,,,,
0.542842909314833,-1.87231009795768,-1.26915273872358,0.558878901468184,-1.88128460538833,-1.26030804820146,,,,,,
0.547704755919791,-1.87501094804741,-1.26645172546071,0.5636080224961,-1.88391189484829,-1.25768075874151,,,,,,
0.552514775462045,-1.87768300713418,-1.26377950498828,0.56828445315683,-1.88650991188202,-1.25508274170777,,,,,,
0.557273020013667,-1.88032630414614,-1.26113604837429,0.572908260156496,-1.88907869354851,-1.25251396004129,,,,,,
0.561979544779922,-1.88294086975189,-1.25852132494606,0.57747951314382,-1.89161827854146,-1.24997437504833,,,,,,
0.566634407785653,-1.88552673618635,-1.25593530246454,0.581998284402929,-1.89412870701875,-1.24746394657105,,,,,,
0.571237669881726,-1.88808393725427,-1.25337794712071,0.586464648857268,-1.89661002060449,-1.2449826329853,,,,,,
0.575789394531528,-1.89061250821166,-1.25084922365418,0.590878683859945,-1.89906226227264,-1.24253039131715,,,,,,
0.580289647600685,-1.89311248564896,-1.24834909547001,0.595240468987585,-1.90148547623244,-1.24010717735735,,,,,,
0.584738497326603,-1.89558390747413,-1.24587752465565,0.599550086008639,-1.90387970791081,-1.23771294567899,,,,,,
0.589136014198592,-1.89802681284606,-1.24343447204755,0.603807618765013,-1.90624500388657,-1.23534764970322,,,,,,
0.593482270737493,-1.90044124205216,-1.24101989735354,0.608013152956543,-1.90858141177075,-1.23301124181904,,,,,,
0.597777341381895,-1.90282723644512,-1.23863375921608,0.612166776028946,-1.91088898014431,-1.23070367344548,,,,,,
0.602021302465053,-1.90518483843012,-1.2362760152251,0.616268577149513,-1.91316775854463,-1.22842489504517,,,,,,
0.606214232014251,-1.90751409135333,-1.23394662202942,0.620318647011155,-1.91541779735665,-1.22617485623314,,,,,,
0.610356209619426,-1.90981503942902,-1.23164553540976,0.624317077703653,-1.91763914774137,-1.22395350584842,,,,,,
0.614447316345326,-1.91208772769065,-1.22937271032755,0.628263962627108,-1.91983186158773,-1.22176079200206,,,,,,
0.618487634675316,-1.91433220195974,-1.22712810095614,0.632159396435927,-1.92199599148152,-1.21959666210827,,,,,,
0.622477248317323,-1.91654850873803,-1.22491166078859,0.636003474849912,-1.9241315906004,-1.21746106298939,,,,,,
0.626416242114414,-1.9187366951578,-1.22272334268739,0.639796294566555,-1.9262387126652,-1.21535394092459,,,,,,
0.630304702000933,-1.92089680895754,-1.22056309890877,0.643537953217167,-1.92831741191555,-1.21327524167425,,,,,,
0.634142714872423,-1.92302889840966,-1.21843088117504,0.647228549240061,-1.93036774303937,-1.21122491055042,,,,,,
0.637930368432847,-1.92513301223561,-1.2163266407594,0.650868181732161,-1.93238976109054,-1.20920289249925,,,,,,
0.641667751239403,-1.92720919963082,-1.21425032846109,0.654456950490602,-1.9343835215119,-1.2072091320779,,,,,,
0.64535495242933,-1.92925751011292,-1.21220189475712,0.657994955748854,-1.9363490799887,-1.20524357360109,,,,,,
0.648992061745699,-1.93127799353602,-1.21018128978799,0.661482298200289,-1.93828649246172,-1.20330616112807,,,,,,
0.652579169562849,-1.9332707001049,-1.20818846334351,0.664919079021042,-1.94019581513992,-1.20139683844987,,,,,,
0.656116366482631,-1.93523568015072,-1.20622336508716,0.668305399481704,-1.94207710428473,-1.19951554930506,,,,,,
0.659603743529924,-1.93717298423958,-1.20428594444741,0.671641361133662,-1.9439304163136,-1.1976622372762,,,,,,
0.663041392065547,-1.93908266312419,-1.20237615066617,0.674927065724216,-1.94575580775279,-1.195836845837,,,,,,
0.666429403470256,-1.94096476756832,-1.20049393297429,0.678162614893321,-1.94755333506896,-1.19403931852083,,,,,,
0.669767869345209,-1.94281934845811,-1.19863924048022,0.681348110364199,-1.94932305477501,-1.19226959881479,,,,,,
0.673056881311465,-1.94464645669079,-1.19681202228138,0.684483653750585,-1.951065023323,-1.19052763026679,,,,,,
0.676296530947783,-1.94644614314001,-1.19501222749874,0.687569346496397,-1.95277929707067,-1.18881335651912,,,,,,
0.679486909734785,-1.94821845862494,-1.19323980530783,0.690605289821512,-1.95446593225129,-1.1871267213385,,,,,,
0.682628108961631,-1.94996345385831,-1.19149470499056,0.69359158463194,-1.95612498492375,-1.18546766866604,,,,,,
0.685720219742128,-1.95168117945547,-1.18977687592634,0.696528331534162,-1.95775651098054,-1.18383614260925,,,,,,
0.688763332871923,-1.95337168585496,-1.18808626767132,0.699415630698369,-1.95936056607177,-1.18223208751803,,,,,,
0.691757538765936,-1.95503502328384,-1.18642282999323,0.702253581798291,-1.96093720557173,-1.18065544801807,,,,,,
0.694702927447323,-1.95667124175151,-1.18478651287749,0.705042283999895,-1.96248648457262,-1.17910616901718,,,,,,
0.697599588474003,-1.95828039100888,-1.18317726656799,0.707781835890871,-1.96400845784538,-1.17758419574441,,,,,,
0.700447610904814,-1.95986252052964,-1.18159504158594,0.71047233544773,-1.96550317982141,-1.17608947376838,,,,,,
0.703247083198244,-1.96141767945392,-1.18003978878612,0.71311387993927,-1.96697070453894,-1.17462194905086,,,,,,
0.705998093197806,-1.96294591658024,-1.17851145936499,0.71570656591205,-1.96841108563492,-1.17318156795487,,,,,,
0.70870072806626,-1.96444728032891,-1.17701000489722,0.718250489127587,-1.96982437631022,-1.17176827727957,,,,,,
0.711355074259749,-1.96592181872769,-1.17553537735011,0.720745744537267,-1.9712106293156,-1.17038202427419,,,,,,
0.713961217453186,-1.96736957937036,-1.17408752912498,0.723192426211405,-1.97256989691234,-1.16902275667745,,,,,,
0.716519242527124,-1.96879060940939,-1.17266641306452,0.725590627326251,-1.97390223086504,-1.16769042272476,,,,,,
0.719029233440564,-1.97018495548532,-1.17127198252341,0.727940440044064,-1.97520768237493,-1.16638497121486,,,,,,
0.721491273365245,-1.97155266380133,-1.16990419129374,0.730241955638264,-1.97648630214949,-1.16510635144031,,,,,,
0.723905444436584,-1.97289377998489,-1.16856299374334,0.732495264259624,-1.97773814027247,-1.16385451331733,,,,,,
0.726271827863112,-1.97420834914858,-1.16724834475505,0.734700455038139,-1.97896324626053,-1.16262940732926,,,,,,
0.728590503821499,-1.97549641583174,-1.16596019978496,0.736857615984364,-1.98016166900843,-1.16143098458136,,,,,,
0.730861551408783,-1.97675802397395,-1.164698514889,0.738966833944524,-1.98133345676408,-1.16025919682572,,,,,,
0.733085048670137,-1.97799321693046,-1.16346324670751,0.741028194625784,-1.98247865714255,-1.15911399644724,,,,,,
0.735261072543189,-1.97920203744127,-1.16225435249613,0.743041782543826,-1.98359731709702,-1.15799533649277,,,,,,
0.737389698752978,-1.98038452757272,-1.16107179018423,0.745007680925138,-1.98468948286442,-1.15690317072538,,,,,,
0.73947100187161,-1.98154072875071,-1.1599155183417,0.746925971761865,-1.98575519999593,-1.15583745359386,,,,,,
0.741505055251412,-1.98267068172352,-1.15878549621612,0.748796735749463,-1.98679451332238,-1.15479814026742,,,,,,
0.743491930986642,-1.98377442654053,-1.15768168375404,0.750620052250999,-1.98780746693434,-1.15378518665545,,,,,,
0.745431699917849,-1.98485200255468,-1.15660404159851,0.752395999300703,-1.98879410418418,-1.15279854940562,,,,,,
0.747324431542707,-1.98590344837291,-1.15555253113868,0.754124653521784,-1.98975446764033,-1.15183818594946,,,,,,
0.74917019405402,-1.9869288018773,-1.15452711448865,0.755806090160915,-1.99068859910652,-1.15090405448328,,,,,,
0.750969054289942,-1.98792810019736,-1.15352775451511,0.75744038304221,-1.99159653959612,-1.14999611399367,,,,,,
0.752721077704291,-1.9889013796936,-1.15255441485387,0.759027604539819,-1.99247832931702,-1.14911432427277,,,,,,
0.754426328323519,-1.98984867593361,-1.15160705993374,0.760567825538633,-1.99333400764969,-1.1482586459401,,,,,,
0.756084868754832,-1.99077002369655,-1.15068565497204,0.762061115441384,-1.99416361315122,-1.14742904043857,,,,,,
0.757696760179835,-1.99166545696967,-1.14979016597809,0.763507542162358,-1.99496718355176,-1.14662547003803,,,,,,
0.759262062286018,-1.99253500891017,-1.14892055979133,0.76490717206535,-1.99574475572009,-1.1458478978697,,,,,,
0.760780833283928,-1.99337871185482,-1.14807680407172,0.766260069978841,-1.99649636567203,-1.14509628791776,,,,,,
0.762253129853002,-1.99419659728981,-1.14725886732988,0.767566299147287,-1.99722204854339,-1.1443706050464,,,,,,
0.763679007155725,-1.99498869585867,-1.14646671891919,0.768825921243512,-1.99792183859685,-1.14367081499295,,,,,,
0.765058518800114,-1.99575503734137,-1.14570032905667,0.7700389963351,-1.99859576920329,-1.14299688438651,,,,,,
0.766391716848783,-1.9964956506594,-1.1449596688179,0.771205582891989,-1.999243872846,-1.14234878074379,,,,,,
0.767678651755038,-1.99721056384028,-1.14424471017255,0.772325737730115,-1.99986618108941,-1.14172647250039,,,,,,
0.768919372386152,-1.99789980403042,-1.14355542597144,0.773399516031687,-2.00046272459028,-1.14112992899952,,,,,,
0.770113926013179,-1.99856339748955,-1.14289178995221,0.774426971335777,-2.00103353309255,-1.14055912049724,,,,,,
0.771262358246846,-1.99920136955505,-1.14225377677492,0.775408155482816,-2.00157863539646,-1.14001401819333,,,,,,
0.77236471309638,-1.99981374467464,-1.14164136198936,0.776343118664894,-2.0020980593865,-1.13949459420329,,,,,,
0.773421032877113,-2.00040054635508,-1.14105452208644,0.777231909346622,-2.00259183198746,-1.13900082160233,,,,,,
0.774431358275771,-2.0009617971984,-1.14049323446181,0.778074574320359,-2.0030599791951,-1.1385326743947,,,,,,
0.77539572827698,-2.0014975188611,-1.13995747745682,0.77887115864393,-2.00350252604152,-1.13809012754827,,,,,,
0.776314180192179,-2.0020077320702,-1.13944723034233,0.779621705664705,-2.00391949660862,-1.13767315698117,,,,,,
0.777186749622357,-2.00249245660255,-1.13896247333951,0.780326256988506,-2.00431091401073,-1.13728173957906,,,,,,
0.778013470456289,-2.00295171128384,-1.13850318762076,0.780984852478324,-2.00467680039397,-1.13691585319583,,,,,,
0.778794374874171,-2.00338551399065,-1.13806935530773,0.781597530256886,-2.00501717693761,-1.13657547665218,,,,,,
0.779529493322525,-2.00379388163643,-1.13766095948522,0.782164326686377,-2.00533206384288,-1.13626058974691,,,,,,
0.780218854522731,-2.00417683017636,-1.13727798419648,0.782685276374739,-2.00562148033642,-1.13597117325337,,,,,,
0.78086248542805,-2.00453437458335,-1.13692041446707,0.783160412142871,-2.00588544465205,-1.13570720893775,,,,,,
0.781460411270759,-2.00486652887431,-1.13658823627865,0.783589765059797,-2.00612397405034,-1.13546867953945,,,,,,
0.782012655499024,-2.00517330607508,-1.13628143660411,0.783973364395753,-2.00633708479254,-1.13525556879726,,,,,,
0.782519239810179,-2.00545471823886,-1.13600000338902,0.784311237646577,-2.00652479215411,-1.13506786143569,,,,,,
0.782980184133064,-2.00571077643645,-1.13574392556146,0.784603410520367,-2.00668711041732,-1.13490554317247,,,,,,
0.783395506612564,-2.00594149074763,-1.13551319304063,0.784849906927518,-2.00682405286574,-1.13476860072405,,,,,,
0.783765223621076,-2.00614687026756,-1.13530779673045,0.785050748987894,-2.00693563178817,-1.13465702180162,,,,,,
0.7840893497412,-2.00632692309714,-1.13512772852922,0.78520595702028,-2.00702185847283,-1.13457079511696,,,,,,
0.784367897770451,-2.00648165634565,-1.13497298132694,0.785315549545153,-2.00708274320887,-1.13450991038092,,,,,,
0.784600878716051,-2.00661107612783,-1.13484354900827,0.785379543281297,-2.00711829528451,-1.13447435830529,,,,,,
0.784788301789649,-2.00671518756096,-1.1347394264554,0.785397953143315,-2.00712852298563,-1.13446413060417,,,,,,
0.784930174403008,-2.00679399476247,-1.13466060955048,0.785370792242173,-2.0071134335961,-1.13447921999369,,,,,,
0.785026502174378,-2.00684750085349,-1.13460709517208,0.785298071885132,-2.00707303339775,-1.13451962019205,,,,,,
0.785077288920199,-2.00687570795421,-1.13457888119982,0.785179801574092,-2.00700732766939,-1.1345853259204,,,,,,
0.785082536655257,-2.00687861718398,-1.13457596651422,0.785015989010369,-2.00691632068955,-1.13467633290025,,,,,,
0.785042245594403,-2.00685622866229,-1.1345983509958,0.784806640090809,-2.00680001573424,-1.13479263785556,,,,,,
0.784956414148645,-2.00680854150657,-1.13464603552723,0.784551758906884,-2.0066584150765,-1.13493423851329,,,,,,
0.784825038931005,-2.00673555383543,-1.13471902199009,0.784251347761159,-2.00649151999554,-1.13510113359425,,,,,,
0.78464811475213,-2.00663726276626,-1.13481731326728,0.783905407152149,-2.00629933076831,-1.13529332282148,,,,,,
0.784425634623262,-2.00651366441689,-1.1349409132414,0.783513935784982,-2.00608184667544,-1.13551080691435,,,,,,
0.784157589760548,-2.00636475390791,-1.13508982679236,0.78307693057819,-2.005839066005,-1.13575358758479,,,,,,
0.783843969582833,-2.00619052536152,-1.13526405979855,0.782594386659719,-2.0055709860503,-1.1360216675395,,,,,,
0.78348476172275,-2.00599097190765,-1.13546361913075,0.782066297384334,-2.00527760311953,-1.13631505047027,,,,,,
0.78307995202116,-2.00576608568093,-1.13568851265519,0.781492654324577,-2.00495891253077,-1.13663374105902,,,,,,
0.782629524525767,-2.00551585781979,-1.13593874923429,0.780873447270137,-2.00461490861164,-1.13697774497815,,,,,,
0.782133461506846,-2.00524027847536,-1.13621433871799,0.780208664250223,-2.00424558471169,-1.13734706887811,,,,,,
0.781591743469969,-2.00493933681842,-1.1365152919366,0.77949829154939,-2.00385093321122,-1.13774172037857,,,,,,
0.781004349140528,-2.00461302103085,-1.13684162070945,0.778742313686593,-2.00343094550967,-1.13816170808012,,,,,,
0.78037125547182,-2.00426131831014,-1.13719333784042,0.77794071342669,-2.00298561203195,-1.13860704155785,,,,,,
0.779692437670253,-2.00388421488332,-1.13757045710385,0.777093471812306,-2.00251492224618,-1.13907773134362,,,,,,
0.778967869182441,-2.00348169599988,-1.1379729932518,0.776200568147089,-2.00201886465439,-1.1395737889354,,,,,,
0.778197521708289,-2.00305374593899,-1.13840096200674,0.775261980012212,-2.00149742680168,-1.14009522678811,,,,,,
0.777381365208339,-2.00260034801358,-1.13885438005745,0.774277683275309,-2.00095059528118,-1.14064205830861,,,,,,
0.776519367922728,-2.00212148458088,-1.13933326504854,0.77324765211313,-2.00037835574664,-1.14121429784316,,,,,,
0.775611496355313,-2.0016171370336,-1.13983763558923,0.772171858992384,-1.99978069290178,-1.14181196068802,,,,,,
0.774657715314535,-2.00108728582263,-1.14036751123064,0.77105027471836,-1.99915759052732,-1.14243506306247,,,,,,
0.773657987896202,-2.00053191044749,-1.1409229124754,0.769882868414205,-1.99850903146946,-1.14308362212034,,,,,,
0.77261227552154,-1.99995098947745,-1.14150386075648,0.768669607565372,-1.99783499766455,-1.14375765592525,,,,,,
0.771520537909196,-1.99934450053596,-1.14211037845272,0.767410457986855,-1.99713547012093,-1.14445718346887,,,,,,
0.770382733105279,-1.99871242031739,-1.14274248887222,0.766105383858282,-1.99641042893839,-1.14518222465141,,,,,,
0.769198817536609,-1.99805472461657,-1.14340021622265,0.764754347784562,-1.99565985334188,-1.14593280024792,,,,,,
0.767968745941349,-1.99737138829027,-1.1440835856499,0.763357310716213,-1.99488372163724,-1.14670893195256,,,,,,
0.766692471451332,-1.9966623853029,-1.14479262319223,0.761914232043407,-1.99408201126346,-1.14751064232634,,,,,,
0.76536994559469,-1.99592768872805,-1.14552735577892,0.760425069598229,-1.99325469879391,-1.14833795479588,,,,,,
0.764001118277003,-1.99516727073792,-1.14628781124065,0.758889779633268,-1.99240175992449,-1.1491908936653,,,,,,
0.762585937823952,-1.99438110262708,-1.14707401828588,0.757308316869579,-1.99152316950022,-1.15006948408958,,,,,,
0.761124350999769,-1.99356915482272,-1.14788600649053,0.755680634516979,-1.99061890152655,-1.15097375206324,,,,,,
0.759616303001499,-1.9927313968814,-1.14872380630122,0.754006684267431,-1.98968892916569,-1.1519037244241,,,,,,
0.758061737506103,-1.99186779751532,-1.1495874490091,0.752286416347248,-1.98873322476559,-1.1528594288242,,,,,,
0.75646059667892,-1.99097832459688,-1.1504769667451,0.750519779526022,-1.98775175986491,-1.15384089372488,,,,,,
0.754812821166928,-1.99006294515509,-1.15139239248374,0.748706721109034,-1.9867445051888,-1.15484814840099,,,,,,
0.753118350167734,-1.98912162541378,-1.15233376000475,0.746847187013035,-1.98571143069103,-1.15588122289877,,,,,,
0.751377121408139,-1.98815433077975,-1.153301103905,0.744941121742241,-1.98465250554059,-1.15694014804921,,,,,,
0.749589071180192,-1.98716102586276,-1.15429445957848,0.742988468427713,-1.98356769814363,-1.15802495544617,,,,,,
0.747754134378954,-1.98614167449655,-1.1553138631953,0.740989168868252,-1.98245697616615,-1.15913567742365,,,,,,
0.745872244492694,-1.98509623973337,-1.15635935170717,0.738943163519382,-1.98132030652789,-1.16027234706191,,,,,,
0.743943333649274,-1.98402468386974,-1.15743096282158,0.736850391543635,-1.98015765543025,-1.16143499815954,,,,,,
0.741967332677244,-1.98292696848041,-1.15852873496789,0.734710790876352,-1.97896898839287,-1.16262366519692,,,,,,
0.739944171014529,-1.9818030543676,-1.15965270734806,0.732524298126453,-1.97775427019848,-1.16383838339131,,,,,,
0.737873776895548,-1.980652901665,-1.16080291983272,0.730290848778637,-1.97651346500525,-1.16507918858454,,,,,,
0.735756077276287,-1.97947646979612,-1.16197941300272,0.728010377111707,-1.9752465363014,-1.16634611728839,,,,,,
0.733590997871718,-1.97827371749504,-1.16318222812841,0.725682816238683,-1.9739534469275,-1.1676392066623,,,,,,
0.731378463220229,-1.97704460284225,-1.16441140713385,0.723308098175731,-1.97263415911475,-1.16895849447505,,,,,,
0.729118396650875,-1.97578908324645,-1.16566699261496,0.720886153806608,-1.97128863446523,-1.17030401912456,,,,,,
0.726810720435831,-1.97450711552922,-1.16694902775482,0.718416913045681,-1.9699168340425,-1.1716758195473,,,,,,
0.724455355688374,-1.97319865586836,-1.16825755638042,0.715900304728059,-1.96851871831048,-1.17307393527931,,,,,,
0.722052222484921,-1.9718636598657,-1.16959262289478,0.713336256739814,-1.9670942472059,-1.17449840638389,,,,,,
0.719601239871722,-1.97050208255078,-1.17095427227328,0.710724696024506,-1.96564338014184,-1.17594927344795,,,,,,
0.717102325941094,-1.96911387842321,-1.1723425500213,0.708065548663878,-1.96416607605261,-1.17742657753719,,,,,,
0.714555397763907,-1.96769900141519,-1.17375750221168,0.705358739805489,-1.9626622933535,-1.17893036023629,,,,,,
0.711960371565726,-1.96625740498933,-1.17519917538696,0.702604193849586,-1.96113199004467,-1.18046066354513,,,,,,
0.709317162683823,-1.96478904211479,-1.17666761658318,0.699801834402676,-1.95957512368527,-1.18201752990452,,,,,,
0.706625685639282,-1.96329386530734,-1.17816287328986,0.696951584353464,-1.95799165143571,-1.18360100215408,,,,,,
0.703885854148863,-1.96177182663591,-1.1796849934434,0.69405336588486,-1.95638153006426,-1.18521112352553,,,,,,
0.701097581231096,-1.96022287778156,-1.18123402536813,0.691107100585605,-1.95474471600912,-1.18684793758067,,,,,,
0.698260779234708,-1.95864697005326,-1.18281001776051,0.688112709479516,-1.95308116539463,-1.18851148819517,,,,,,
0.695375359785952,-1.95704405435864,-1.18441301971847,0.6850701129693,-1.95139083400006,-1.19020181958973,,,,,,
0.69244123401941,-1.9554140813322,-1.18604308061305,0.68197923107941,-1.94967367739457,-1.19191897619522,,,,,,
0.689458312468955,-1.95375700127473,-1.1877002501491,0.678839983340233,-1.9479296508728,-1.19366300271699,,,,,,
0.686426505222531,-1.95207276423929,-1.18938457827924,0.675652288950426,-1.94615870954513,-1.19543394404466,,,,,,
0.68334572196924,-1.95036132005739,-1.19109611517769,0.672416066825507,-1.94436080836462,-1.19723184522517,,,,,,
0.680215871990097,-1.94862261833383,-1.19283491124543,0.669131235587341,-1.9425359021212,-1.1990567514686,,,,,,
0.677036864256296,-1.94685660850129,-1.19460101705559,0.665797713666568,-1.94068394549855,-1.20090870809125,,,,,,
0.673808607510161,-1.9450632398653,-1.19639448330851,0.662415419386656,-1.93880489312082,-1.20278776046898,,,,,,
0.67053101033516,-1.94324246164316,-1.19821536079279,0.65898427103628,-1.93689869959283,-1.20469395399696,,,,,,
0.667203981185953,-1.9413942229806,-1.20006370036866,0.655504186899816,-1.93496531951702,-1.20662733407278,,,,,,
0.663827428432576,-1.9395184729763,-1.20193955294338,0.6519750853027,-1.93300470751862,-1.20858794607117,,,,,,
0.660401260490732,-1.93761516075436,-1.20384296939889,0.648396884746706,-1.93101681832084,-1.21057583526895,,,,,,
0.656925385891517,-1.93568423550291,-1.20577400055304,0.644769503981654,-1.9290016067847,-1.21259104680509,,,,,,
0.653399713292721,-1.93372564648051,-1.20773269715337,0.641092862016146,-1.92695902791498,-1.21463362567482,,,,,,
0.64982415161501,-1.93173934309172,-1.2097191098014,0.637366878258571,-1.92488903693855,-1.21670361665125,,,,,,
0.646198610038611,-1.92972527488526,-1.21173328895447,0.633591472512571,-1.92279158930188,-1.21880106428791,,,,,,
0.642522998260151,-1.92768339169674,-1.21377528478311,0.629766565243345,-1.92066664081898,-1.22092601277082,,,,,,
0.63879722637628,-1.92561364358396,-1.21584514723564,0.625892077455173,-1.91851414760333,-1.22307850598647,,,,,,
0.635021205051335,-1.92351598092007,-1.21794292594503,0.621967930864732,-1.91633406616419,-1.2252585874256,,,,,,
0.631194845645677,-1.92139035446487,-1.22006867015761,0.617994048033182,-1.91412635348,-1.2274663001098,,,,,,
0.62731806021369,-1.91923671536367,-1.22222242873421,0.613970352362715,-1.9118909669964,-1.22970168659339,,,,,,
0.623390761709868,-1.91705501526179,-1.22440425003561,0.60989676830917,-1.90962786474444,-1.23196478884536,,,,,,
0.619412863964488,-1.91484520629106,-1.22661418193612,0.605773221355323,-1.90733700532563,-1.23425564826416,,,,,,
0.615384281845128,-1.91260724115953,-1.22885227173378,0.601599638177004,-1.90501834800434,-1.23657430558545,,,,,,
0.611304931389945,-1.91034107322552,-1.23111856607637,0.597375946779634,-1.90267185278358,-1.23892080080621,,,,,,
0.60717472983971,-1.90804665651537,-1.23341311094359,0.593102076529824,-1.90029748042258,-1.24129517316722,,,,,,
0.602993595808611,-1.90572394581838,-1.23573595155219,0.58877795833057,-1.8978951925341,-1.24369746105569,,,,,,
0.598761449307785,-1.90337289669986,-1.23808713234285,0.584403524643965,-1.8954649515971,-1.24612770199269,,,,,,
0.594478211922659,-1.90099346559965,-1.24046669688172,0.579978709672907,-1.89300672105762,-1.24858593253217,,,,,,
0.590143807008743,-1.89858560994086,-1.24287468775159,0.575503449561545,-1.8905204654402,-1.25107218814959,,,,,,
0.585758159644491,-1.89614928810371,-1.24531114657811,0.570977682344712,-1.88800615031974,-1.25358650327006,,,,,,
0.581321196836486,-1.89368445953953,-1.2477761139158,0.566401348157962,-1.88546374243821,-1.25612891115158,,,,,,
0.576832847598416,-1.89119108481456,-1.25026962920417,0.561774389317145,-1.88289320974887,-1.25869944384093,,,,,,
0.572293043214753,-1.88866912575651,-1.25279173062121,0.557096750588267,-1.88029452156616,-1.26129813202364,,,,,,
0.567701717182049,-1.8861185454219,-1.25534245511602,0.552368379124883,-1.87766764853094,-1.26392500505885,,,,,,
0.563058805440495,-1.88353930822471,-1.25792183828018,0.547589224704657,-1.87501256274193,-1.26658009084786,,,,,,
0.558364246640421,-1.88093138008442,-1.26052991419968,0.542759240001428,-1.8723292379068,-1.26926341568299,,,,,,
0.55361798203101,-1.87829472836419,-1.26316671551674,0.537878380468373,-1.86961764927733,-1.27197500431247,,,,,,
0.548819955763718,-1.8756293220394,-1.26583227326125,0.532946604647945,-1.86687777382153,-1.27471487976826,,,,,,
0.543970114974138,-1.87293513174317,-1.26852661680529,0.527963874253637,-1.86410959026914,-1.27748306332065,,,,,,
0.539068410004577,-1.87021212988995,-1.27124977373949,0.522930154396278,-1.86131307923727,-1.28027957435252,,,,,,
0.534114794531008,-1.86746029074606,-1.27400176980247,0.51784541371183,-1.85848822330147,-1.28310443028832,,,,,,
0.529109225662203,-1.86467959048479,-1.27678262882577,0.512709624460629,-1.8556350070508,-1.28595764653899,,,,,,
0.524051664200866,-1.86187000733143,-1.27959237258882,0.507522762792714,-1.85275341723529,-1.2888392363545,,,,,,
0.518942074827949,-1.85903152166566,-1.28243102071649,0.502284808934042,-1.84984344286936,-1.29174921072043,,,,,,
0.513780426079232,-1.85616411600856,-1.28529859069211,0.496995747159671,-1.84690507521694,-1.29468757837286,,,,,,
0.508566690782358,-1.85326777526539,-1.28819509761471,0.491655566238844,-1.8439383080387,-1.29765434555109,,,,,,
0.503300846025987,-1.85034248670841,-1.29112055421611,0.486264259400275,-1.84094313757283,-1.30064951601697,,,,,,
0.497982873412767,-1.84738824011748,-1.29407497072039,0.480821824588256,-1.83791956267726,-1.30367309091253,,,,,,
0.492612759403001,-1.84440502797089,-1.29705835465298,0.475328264811147,-1.83486758502331,-1.30672506856648,,,,,,
0.487190495243987,-1.84139284540619,-1.30007071087992,0.469783588065755,-1.83178720905365,-1.30980544453614,,,,,,
0.481716077364118,-1.83835169043906,-1.30311204138888,0.464187807737112,-1.8286784422044,-1.31291421138539,,,,,,
0.476189507366052,-1.83528156395955,-1.306182345293,0.458540942588081,-1.82554129489939,-1.31605135869041,,,,,,
0.470610792541172,-1.83218247001782,-1.30928161854501,0.452843017281549,-1.8223757808402,-1.31921687274959,,,,,,
0.464979945775693,-1.82905441577207,-1.31240985398946,0.447094062280753,-1.81918191695087,-1.32241073663892,,,,,,
0.45929698596479,-1.8258974117185,-1.31556704113265,0.441294114268479,-1.81595972361072,-1.32563292997907,,,,,,
0.453561938109816,-1.82271147174537,-1.31875316608853,0.435443216242423,-1.81270922470735,-1.32888342888244,,,,,,
0.447774833597218,-1.81949661328791,-1.32196821142386,0.429541417795793,-1.80943044779256,-1.33216220579723,,,,,,
0.441935710369429,-1.81625285742331,-1.32521215606318,0.423588775287604,-1.8061234241769,-1.33546922941289,,,,,,
0.436044613355868,-1.81298022911009,-1.32848497504941,0.417585352277838,-1.80278818917147,-1.33880446441832,,,,,,
0.430101594381783,-1.80967875713747,-1.33178663959448,0.411531219430148,-1.79942478203387,-1.34216787155593,,,,,,
0.424106712610814,-1.80634847437125,-1.33511711683347,0.405426454958509,-1.79603324621629,-1.3455594073735,,,,,,
0.418060034785439,-1.80298941788736,-1.338476369691,0.399271144867485,-1.79261362949906,-1.34897902409074,,,,,,
0.411961635444126,-1.79960162909248,-1.34186435676062,0.393065383168581,-1.78916598411078,-1.35242666947902,,,,,,
0.405811597134566,-1.79618515384254,-1.34528103218632,0.386809272092475,-1.78569036684627,-1.35590228674352,,,,,,
0.399610010739626,-1.79274004262373,-1.34872634548147,0.380502922415705,-1.78218683924807,-1.35940581434173,,,,,,
0.393356975605244,-1.78926635062361,-1.35220024145774,0.374146453585703,-1.77865546767584,-1.36293718591395,,,,,,
0.38705260009852,-1.78576413804108,-1.35570265991505,0.367739994282932,-1.77509632361875,-1.36649632997105,,,,,,
0.380697001461068,-1.78223347000498,-1.35923353572306,0.36128368226645,-1.77150948360959,-1.3700831699802,,,,,,
0.374290306420293,-1.77867441691361,-1.36279279848155,0.354777664989572,-1.76789502956688,-1.37369762402291,,,,,,
0.367832651251958,-1.7750870544695,-1.36638037248567,0.348222099657713,-1.76425304882696,-1.37733960476283,,,,,,
0.361324182250319,-1.77147146394061,-1.36999617646472,0.341617153699942,-1.76058363440598,-1.38100901918382,,,,,,
0.354765055798747,-1.76782773219951,-1.37364012354298,0.334963004834683,-1.75688688503639,-1.38470576855341,,,,,,
0.348155438866739,-1.76415595199954,-1.37731212096352,0.328259841567925,-1.75316290544374,-1.38842974814605,,,,,,
0.341495509115758,-1.76045622203356,-1.38101207002944,0.321507863294267,-1.74941180640282,-1.39218084718697,,,,,,
0.334785455293987,-1.75672864715326,-1.38473986588454,0.314707280690815,-1.74563370495646,-1.39595894863333,,,,,,
0.328025477525356,-1.75297333852971,-1.38849539735276,0.307858316003535,-1.74182872457464,-1.39976392901515,,,,,,
0.321215787656622,-1.74919041384619,-1.39227854674533,0.300961203392136,-1.73799699534608,-1.40359565824371,,,,,,
0.314356609368877,-1.74537999736013,-1.39608918979887,0.294016189036099,-1.73413865403717,-1.40745399955262,,,,,,
0.307448178749022,-1.74154222022054,-1.39992719535782,0.287023531706311,-1.73025384440951,-1.41133880918028,,,,,,
0.300490744318389,-1.73767722048398,-1.40379242535863,0.279983502786716,-1.72634271723196,-1.41524993635783,,,,,,
0.293484567620088,-1.73378514344078,-1.40768473450338,0.272896386861276,-1.72240543060672,-1.41918722298308,,,,,,
0.286429923314724,-1.72986614166825,-1.41160397020664,0.26576248180307,-1.71844215001882,-1.42315050357097,,,,,,
0.279327099509951,-1.72592037521372,-1.41554997241237,0.258582099099859,-1.71445304851704,-1.42713960507275,,,,,,
0.272176398283859,-1.72194801188536,-1.41952257330312,0.251355564375192,-1.71043830700334,-1.43115434658646,,,,,,
0.264978135816151,-1.71794922732495,-1.42352159722721,0.244083217512618,-1.70639811430191,-1.43519453928789,,,,,,
0.257732642800015,-1.7139242052368,-1.42754686046986,0.236765413063453,-1.7023326673857,-1.43925998620409,,,,,,
0.250440264637292,-1.70987313749608,-1.43159817114476,0.229402520435231,-1.69824217148114,-1.44335048210866,,,,,,
0.243101361818866,-1.70579622436016,-1.43567532898278,0.221994924267082,-1.69412684027661,-1.44746581331318,,,,,,
0.235716310343033,-1.70169367470105,-1.43977812509949,0.214543024842946,-1.68998689615209,-1.4516057574377,,,,,,
0.228285501890001,-1.69756570610234,-1.44390634189824,0.207047238258369,-1.68582257027177,-1.45577008331803,,,,,,
0.220809344249221,-1.69341254509654,-1.44805975283277,0.199507996842142,-1.68163410281831,-1.45995855077148,,,,,,
0.213288261597323,-1.68923442731953,-1.45223812225272,0.191925749426874,-1.67742174314316,-1.46417091044663,,,,,,
0.205722694804334,-1.68503159768066,-1.4564412052336,0.184300961647792,-1.67318574993256,-1.46840690365723,,,,,,
0.19811310175843,-1.68080431054316,-1.46066874739631,0.176634116259926,-1.66892639138374,-1.47266626220605,,,,,,
0.190459957846157,-1.6765528299909,-1.46492048464037,0.168925713611483,-1.66464394546794,-1.47694870812185,,,,,,
0.182763755849858,-1.67227742977144,-1.46919614320088,0.161176271529925,-1.66033869986708,-1.48125395372272,,,,,,
0.175025006754999,-1.66797839374449,-1.47349543920003,0.153386326124182,-1.65601095241944,-1.48558170117035,,,,,,
0.167244239703205,-1.66365601585582,-1.47781807867317,0.145556431726118,-1.65166101108718,-1.48993164250261,,,,,,
0.159422002443934,-1.65931060038821,-1.48216375731786,0.137687161333822,-1.64728919420258,-1.49430345938722,,,,,,
0.151558861677933,-1.65494246215223,-1.48653216030312,0.129779106945517,-1.64289583065352,-1.49869682293628,,,,,,
0.143655403233148,-1.65055192658395,-1.49092296217161,0.121832879724615,-1.63848125997524,-1.50311139361455,,,,,,
0.13571223247329,-1.64613932997192,-1.49533582661271,0.113849110398426,-1.6340458325718,-1.50754682101799,,,,,,
0.127729974482925,-1.64170501956003,-1.49977040635968,0.105828449431838,-1.62958990981258,-1.51200274377721,,,,,,
0.119709274417221,-1.63724935374174,-1.50422634299533,0.097771567366166,-1.62511386422054,-1.51647878936925,,,,,,
0.111650797820053,-1.63277270223685,-1.50870326677529,0.089679155125807,-1.62061807964257,-1.52097457394723,,,,,,
0.103555230741173,-1.62827544615657,-1.51320079656296,0.081551924122731,-1.61610295130753,-1.52548970228227,,,,,,
0.095423280186586,-1.6237579782537,-1.51771853957922,0.073390606695307,-1.61156888607007,-1.53002376751973,,,,,,
0.087255674220547,-1.61922070297936,-1.52225609134585,0.065195956196901,-1.60701630245984,-1.53457635112995,,,,,,
0.079053162296617,-1.61466403666681,-1.52681303550152,0.056968747314163,-1.60244563085832,-1.53914702273147,,,,,,
0.070816515412808,-1.61008840761773,-1.53138894371567,0.048709776208418,-1.59785731357735,-1.54373534001244,,,,,,
0.062546526359187,-1.6054942562397,-1.5359833755509,0.040419860749538,-1.59325180498908,-1.54834084860071,,,,,,
0.054244010148898,-1.6008820352857,-1.54059587822353,0.032099840933199,-1.58862957175778,-1.55296308183201,,,,,,
0.045909803909973,-1.59625220979398,-1.5452259866637,0.023750578757299,-1.58399109277117,-1.55760156081862,,,,,,
0.037544767183931,-1.59160525725395,-1.54987322334948,0.015372958505944,-1.5793368592982,-1.56225579429159,,,,,,
0.029149782168571,-1.58694166774109,-1.55453709817196,0.006967886977018,-1.57466737511546,-1.56692527847433,,,,,,
0.020725753956995,-1.58226194404966,-1.55921710830252,-0.00146370629442,-1.56998315663133,-1.57160949695846,,,,,,
0.012273610494754,-1.57756660166901,-1.56391273821655,-0.009920869095279,-1.56528473285307,-1.57630792073672,,,,,,
0.003794302781996,-1.57285616889576,-1.56862345958122,-0.01840262634844,-1.56057264549021,-1.58102000809959,,,,,,
-0.004711195041486,-1.56813118687864,-1.57334873121071,-0.026907980048897,-1.55584744898995,-1.58574520459984,,,,,,
-0.013241885258096,-1.56339220987277,-1.57808799881186,-0.035435908822869,-1.55110971078219,-1.5904829428076,,,,,,
-0.021796746988455,-1.55863980499066,-1.58284069523321,-0.043985368393386,-1.54636001102079,-1.595232642569,,,,,,
-0.030374735688438,-1.5538745524948,-1.58760624017236,-0.052555291071181,-1.54159894286646,-1.59999371072333,,,,,,
-0.038974783378614,-1.54909704566654,-1.59238404030717,-0.061144586008569,-1.53682711234569,-1.6047655412441,,,,,,
-0.04759579838071,-1.54430789095245,-1.59717348914936,-0.069752138954189,-1.53204513848701,-1.60954751510278,,,,,,
-0.056236665423579,-1.53950770790547,-1.60197396710335,-0.078376812377234,-1.52725365325199,-1.6143390003378,,,,,,
-0.064896245545381,-1.5346971292393,-1.60678484141192,-0.087017445388407,-1.52245330157912,-1.61913935201068,,,,,,
-0.073573376359854,-1.52987680068044,-1.61160546630413,-0.095672854024468,-1.51764474122575,-1.62394791236405,,,,,,
-0.082266871714734,-1.52504738115797,-1.61643518280557,-0.104341830926491,-1.51282864294685,-1.62876401064295,,,,,,
-0.090975522005776,-1.52020954262913,-1.6212733189128,-0.113023145672566,-1.50800569031014,-1.63358696327966,,,,,,
-0.099698094298134,-1.51536397001187,-1.62611918966077,-0.121715544918339,-1.50317657961804,-1.63841607397175,,,,,,
-0.108433332063432,-1.51051136133095,-1.63097209697678,-0.13041775215481,-1.49834202004222,-1.64325063354757,,,,,,
-0.1171799558181,-1.5056524273633,-1.63583133003509,-0.139128468364594,-1.49350273325901,-1.64808992033078,,,,,,
-0.125936662738107,-1.50078789185208,-1.6406961650429,-0.147846371658392,-1.48865945365135,-1.65293319993845,,,,,,
-0.134702127353999,-1.49591849112057,-1.64556586562646,-0.156570117987725,-1.48381292791283,-1.65777972567697,,,,,,
-0.143475001314399,-1.49104497420354,-1.6504396826997,-0.165298340930192,-1.47896391516701,-1.66262873842278,,,,,,
-0.152253913791832,-1.48616810262184,-1.65531685468968,-0.174029652114429,-1.47411318673132,-1.66747946685847,,,,,,
-0.161037471644399,-1.48128865029258,-1.66019660762645,-0.182762641402193,-1.4692615260159,-1.67233112757389,,,,,,
-0.169824259914574,-1.47640740325205,-1.6650781554201,-0.191495877405699,-1.46440972823617,-1.67718292535362,,,,,,
-0.178612841870011,-1.47152515963302,-1.66996069988345,-0.20022790754969,-1.4595586003784,-1.68203405321139,,,,,,
-0.187401759371474,-1.46664272946043,-1.67484343093653,-0.208957258458955,-1.45470896098437,-1.68688369260543,,,,,,
-0.196189533134853,-1.46176093450576,-1.67972552675204,-0.217682436240648,-1.44986163999454,-1.69173101359526,,,,,,
-0.204974663312178,-1.45688060796431,-1.68460615407819,-0.226401927083458,-1.4450174784152,-1.6965751751746,,,,,,
-0.213755629837315,-1.45200259426318,-1.68948446843079,-0.235114197622922,-1.4401773281155,-1.7014153254743,,,,,,
-0.222530892602274,-1.44712774896329,-1.69435961419114,-0.243817695138866,-1.43534205171775,-1.70625060187204,,,,,,
-0.231298892257576,-1.44225693831481,-1.69923072505072,-0.252510848371991,-1.43051252214379,-1.711080131446,,,,,,
-0.24005805048402,-1.43739103910617,-1.70409692416219,-0.261192067815956,-1.4256896224527,-1.71590303113709,,,,,,
-0.248806770470888,-1.43253093839838,-1.70895732440501,-0.269859746214213,-1.42087424556478,-1.72071840802501,,,,,,
-0.257543437419057,-1.42767753324564,-1.71381102866499,-0.278512259081579,-1.4160672939718,-1.725525359618,,,,,,
-0.266266419267558,-1.42283173029162,-1.71865713023796,-0.287147965446934,-1.41126967932438,-1.73032297426542,,,,,,
-0.274974067148431,-1.41799444551686,-1.72349471308241,-0.295765208326497,-1.40648232216907,-1.73511033142073,,,,,,
-0.283664715924233,-1.41316660394013,-1.72832285211817,-0.304362315279059,-1.40170615163986,-1.73988650194993,,,,,,
-0.292336684874111,-1.40834913923734,-1.73314061360754,-0.31293759910806,-1.3969421050682,-1.7446505485216,,,,,,
-0.300988278323075,-1.40354299339197,-1.73794705550489,-0.321489358507137,-1.39219112762427,-1.74940152596553,,,,,,
-0.309617786460794,-1.39874911624019,-1.74274122791156,-0.330015878892791,-1.38745417185446,-1.75413848173534,,,,,,
-0.318223485748933,-1.39396846524459,-1.74752217330216,-0.338515432830153,-1.38273219744481,-1.75886045614498,,,,,,
-0.326803639900346,-1.38920200495024,-1.75228892706857,-0.346986281023532,-1.37802617067071,-1.76356648291908,,,,,,
-0.335356500470581,-1.38445070665609,-1.75704051784857,-0.355426672923609,-1.37333706405956,-1.76825558953023,,,,,,
-0.343880307620841,-1.37971554799111,-1.76177596794972,-0.363834847503723,-1.36866585595949,-1.7729267976303,,,,,,
-0.352373290948063,-1.37499751245323,-1.76649429381047,-0.372209034101913,-1.36401353007161,-1.77757912351818,,,,,,
-0.360833670205655,-1.37029758900887,-1.77119450640065,-0.380547453154723,-1.35938107504227,-1.78221157854752,,,,,,
-0.369259656270561,-1.36561677155581,-1.77587561175868,-0.388848317173414,-1.35476948392078,-1.78682316966902,,,,,,
-0.37764945173973,-1.36095605859176,-1.78053661132298,-0.397109831354468,-1.35017975382019,-1.7914128997696,,,,,,
-0.386001252040987,-1.35631645259733,-1.78517650254909,-0.405330194696416,-1.34561288529689,-1.79597976829291,,,,,,
-0.394313246112884,-1.35169895965828,-1.78979427928741,-0.413507600691528,-1.34106988196627,-1.80052277162352,,,,,,
-0.402583617302922,-1.34710458896661,-1.7943889322822,-0.421640238232116,-1.33655174999928,-1.80504090359052,,,,,,
-0.41081054430085,-1.34253435230204,-1.79895944969007,-0.429726292550707,-1.33205949760006,-1.80953315598973,,,,,,
-0.418992202116029,-1.33798926348911,-1.803504817623,-0.437763946202762,-1.32759413446003,-1.81399851912976,,,,,,
-0.427126762840823,-1.33347033797309,-1.80802402057243,-0.445751379838491,-1.32315667132907,-1.81843598226072,,,,,,
-0.435212396644188,-1.32897859226798,-1.81251604196124,-0.453686773200282,-1.31874811946141,-1.82284453412839,,,,,,
-0.443247272713845,-1.32451504343317,-1.81697986466726,-0.46156830606881,-1.31436949009,-1.82722316349979,,,,,,
-0.45122956020005,-1.32008070854914,-1.82141447154748,-0.469394159210005,-1.31002179390045,-1.83157085968934,,,,,,
-0.459157429022131,-1.31567660426938,-1.82581884588622,-0.477162515186683,-1.30570604058007,-1.83588661300972,,,,,,
-0.467029051092059,-1.31130374614071,-1.83019197207488,-0.484871559578237,-1.30142323814032,-1.84016941544947,,,,,,
-0.474842601039179,-1.30696314820066,-1.83453283601453,-0.492519481710434,-1.29717439251132,-1.84441826107847,,,,,,
-0.482596257207932,-1.3026558224232,-1.83884042567026,-0.500104475652079,-1.29296050698819,-1.84863214660161,,,,,,
-0.490288202656178,-1.29838277816417,-1.84311373162575,-0.507624741211227,-1.28878258167755,-1.85281007191225,,,,,,
-0.497916626069419,-1.29414502165338,-1.84735174759125,-0.515078484848184,-1.28464161299035,-1.85695104059944,,,,,,
-0.50547972273198,-1.28994355545515,-1.85155347094306,-0.522463920643305,-1.28053859310417,-1.86105406048562,,,,,,
-0.512975695428867,-1.28577937796722,-1.85571790322459,-0.529779271196049,-1.27647450946376,-1.86511814412604,,,,,,
-0.520402755462722,-1.28165348285589,-1.85984405071136,-0.537022768635491,-1.27245034421962,-1.86914230937017,,,,,,
-0.527759123501992,-1.27756685858479,-1.86393092488219,-0.544192655464966,-1.2684670737588,-1.87312557983099,,,,,,
-0.535043030483859,-1.27352048791329,-1.8679775429208,-0.551287185459374,-1.26452566820636,-1.87706698538344,,,,,,
-0.54225271867027,-1.26951534730986,-1.87198292830255,-0.558304624710421,-1.26062709084466,-1.88096556274513,,,,,,
-0.549386442482826,-1.26555240648824,-1.87594611125825,-0.565243252455185,-1.25677229765313,-1.88482035593667,,,,,,
-0.5564424692203,-1.26163262800888,-1.87986612917276,-0.572101361789753,-1.2529622369117,-1.88863041667809,,,,,,
-0.563419080232909,-1.25775696662653,-1.8837420272374,-0.578877260825945,-1.24919784855826,-1.89239480503153,,,,,,
-0.570314571616599,-1.25392636890464,-1.88757285883564,-0.585569273379927,-1.24548006380605,-1.89611258978374,,,,,,
-0.577127255001132,-1.25014177277745,-1.89135768598093,-0.592175739751297,-1.24180980471084,-1.89978284887895,,,,,,
-0.583855458633913,-1.24640410694796,-1.89509557991887,-0.598695017787684,-1.23818798357952,-1.90340467001028,,,,,,
-0.590497527895433,-1.24271429060159,-1.89878562141349,-0.605125483396902,-1.23461550268551,-1.90697715090429,,,,,,
-0.597051826266751,-1.23907323286865,-1.90242690128481,-0.611465531496329,-1.23109325374138,-1.91049939984841,,,,,,
-0.603516736089373,-1.23548183240224,-1.90601852083095,-0.617713576759723,-1.22762211748394,-1.91397053610585,,,,,,
-0.609890659274833,-1.2319409769841,-1.90955959222238,-0.623868054314174,-1.22420296328702,-1.91738969030277,,,,,,
-0.616172018066026,-1.22845154310154,-1.91304923892484,-0.629927420486046,-1.22083664874709,-1.9207560048427,,,,,,
-0.622359255863157,-1.22501439548874,-1.91648659615826,-0.635890153607637,-1.2175240192351,-1.92406863435469,,,,,,
-0.628450837652147,-1.22163038688863,-1.91987081113469,-0.641754754439395,-1.2142659076619,-1.92732674592789,,,,,,
-0.634445250966682,-1.21830035751853,-1.92320104359283,-0.647519747105297,-1.21106313395862,-1.93052951963117,,,,,,
-0.640341006305402,-1.21502513483833,-1.92647646602978,-0.653183679501992,-1.20791650484935,-1.93367614874045,,,,,,
-0.646136637955069,-1.21180553309319,-1.92969626415834,-0.658745124097418,-1.20482681340744,-1.93676584018235,,,,,,
-0.651830704399693,-1.20864235308627,-1.9328596371343,-0.664202678330124,-1.20179483883372,-1.93979781475608,,,,,,
-0.657421789057139,-1.2055363817695,-1.93596579796574,-0.669554965321942,-1.19882134606048,-1.94277130752931,,,,,,
-0.662908500745502,-1.20248839198451,-1.939013973772,-0.674800634329859,-1.19590708550053,-1.94568556808926,,,,,,
-0.668289474246522,-1.1994991421496,-1.9420034060968,-0.679938361289874,-1.19305279274497,-1.94853986084483,,,,,,
-0.673563370781218,-1.19656937599549,-1.9449333511724,-0.684966849275525,-1.19025918830849,-1.9513334652813,,,,,,
-0.67872887849955,-1.19369982229335,-1.94780308019168,-0.689884828968679,-1.18752697736785,-1.95406567622194,,,,,,
-0.683784712929514,-1.19089119460522,-1.95061187955762,-0.694691059090385,-1.18485684952246,-1.95673580406733,,,,,,
-0.688729617472098,-1.18814419100912,-1.95335905115828,-0.699384326873904,-1.18224947853162,-1.95934317505818,,,,,,
-0.693562363764037,-1.18545949389745,-1.9560439125683,-0.703963448410731,-1.17970552212227,-1.96188713146752,,,,,,
-0.698281751984169,-1.18283776980681,-1.95866579721913,-0.708427268942333,-1.17722562182693,-1.96436703176286,,,,,,
-0.702886611374384,-1.18027966912862,-1.96122405468845,-0.712774663353879,-1.17481040270941,-1.96678225088038,,,,,,
-0.707375800491122,-1.17778582596933,-1.96371805083984,-0.717004536411328,-1.17246047323305,-1.96913218035675,,,,,,
-0.711748207486631,-1.17535685799422,-1.96614716797909,-0.72111582302611,-1.17017642511372,-1.97141622847607,,,,,,
-0.716002750471265,-1.17299336622607,-1.96851080505542,-0.725107488594977,-1.16795883313102,-1.97363382045877,,,,,,
-0.720138377817017,-1.17069593487657,-1.97080837783018,-0.728978529282847,-1.16580825497109,-1.9757843986187,,,,,,
-0.724154068296338,-1.16846513126915,-1.97303931895386,-0.732727972150337,-1.16372523115582,-1.97786742243397,,,,,,
-0.728048831431807,-1.16630150564476,-1.97520307816048,-0.736354875477925,-1.16171028486272,-1.97988236872708,,,,,,
-0.731821707674444,-1.16420559106275,-1.97729912236652,-0.739858328928227,-1.15976392183477,-1.98182873175502,,,,,,
-0.735471768584082,-1.16217790330067,-1.97932693577123,-0.743237453709641,-1.15788663028954,-1.98370602330025,,,,,,
-0.73899811705582,-1.16021894072848,-1.98128601998237,-0.746491402781571,-1.15607888080513,-1.98551377278466,,,,,,
-0.742399887449262,-1.15832918423673,-1.98317589408804,-0.749619360968477,-1.15434112625685,-1.98725152733294,,,,,,
-0.745676245709069,-1.15650909716952,-1.98499609472364,-0.752620545065526,-1.15267380175849,-1.9889188518313,,,,,,
-0.748826389594364,-1.15475912519716,-1.98674617619931,-0.755494204042969,-1.1510773245488,-1.99051532904099,,,,,,
-0.751849548729784,-1.15307969628769,-1.9884257105283,-0.758239619085635,-1.14955209396954,-1.99204055962025,,,,,,
-0.754744984735672,-1.15147122063459,-1.99003428749926,-0.760856103704369,-1.14809849140358,-1.99349416218621,,,,,,
-0.757511991299779,-1.14993409061694,-1.99157151471616,-0.763343003793461,-1.14671688024297,-1.99487577334682,,,,,,
-0.760149894285934,-1.14846868073901,-1.99303701765858,-0.765699697720762,-1.14540760583892,-1.99618504775088,,,,,,
-0.762658051819933,-1.14707534758257,-1.99443043972943,-0.767925596395889,-1.14417099546385,-1.99742165812595,,,,,,
-0.765035854303004,-1.14575442979935,-1.99575144226245,-0.770020143273446,-1.14300735830965,-1.99858529528014,,,,,,
-0.767282724541971,-1.14450624803877,-1.99699970459452,-0.771982814458932,-1.14191698542882,-1.99967566816097,,,,,,
-0.769398117723124,-1.14333110496243,-1.99817492405116,-0.773813118675731,-1.14090014975282,-2.00069250383697,,,,,,
-0.771381521492305,-1.14222928519957,-1.99927681599098,-0.775510597325292,-1.13995710605862,-2.00163554753117,,,,,,
-0.773232455977781,-1.1412010553344,-2.0003051138184,-0.777074824496257,-1.13908809096364,-2.00250456262615,,,,,,
-0.774950473804408,-1.14024666389822,-2.00125956899151,-0.778505406966175,-1.1382933229248,-2.00329933066499,,,,,,
-0.776535160150864,-1.13936634133759,-2.00213995105393,-0.779801984238554,-1.13757300221792,-2.00401965137187,,,,,,
-0.777986132731639,-1.13856030002432,-2.0029460476247,-0.780964228516196,-1.13692731095257,-2.00466534263723,,,,,,
-0.779303041820304,-1.1378287342426,-2.00367766441126,-0.781991844709253,-1.13635641306753,-2.00523624052226,,,,,,
-0.780485570273799,-1.13717182017541,-2.00433462522297,-0.782884570442481,-1.13586045432685,-2.00573219926294,,,,,,
-0.781533433519542,-1.13658971591176,-2.00491677196385,-0.783642176032953,-1.13543956233215,-2.00615309125765,,,,,,
-0.782446379569722,-1.13608256143864,-2.00542396464065,-0.784264464489194,-1.13509384652312,-2.00649880706667,,,,,,
-0.783224189029602,-1.13565047863652,-2.00585608136736,-0.784751271504182,-1.13482339818146,-2.00676925540833,,,,,,
-0.7838666750868,-1.13529357128522,-2.00621301835931,-0.785102465435665,-1.13462829044175,-2.00696436314804,,,,,,
-0.784373683522045,-1.13501192505794,-2.0064946899391,-0.785317947300948,-1.13450857829437,-2.00708407529542,,,,,,
-0.784745092708748,-1.13480560752154,-2.00670102853638,-0.785397650762949,-1.13446429859326,-2.00712835499653,,,,,,
-0.784980813609042,-1.13467466813867,-2.0068319846857,-0.785341542115534,-1.13449547006404,-2.00709718352575,,,,,,
-0.78508078977614,-1.13461913826649,-2.00688752702771,-0.785149620271426,-1.13460209331077,-2.00699056027902,,,,,,
-0.785044997352729,-1.1346390311576,-2.0068676423084,-0.78482191674795,-1.13478415082381,-2.00680850276598,,,,,,
-0.78487344506986,-1.13473434196056,-2.00677233537834,-0.784358495653394,-1.13504160698746,-2.00655104660234,,,,,,
-0.784566174248569,-1.13490504771909,-2.00660162919373,-0.783759453677679,-1.13537440808507,-2.00621824550472,,,,,,
-0.784123258797756,-1.13515110737317,-2.00635556481509,-0.783024920074198,-1.13578248230923,-2.00581017128056,,,,,,
-0.783544805218218,-1.13547246175686,-2.00603420140958,-0.782155056654713,-1.1362657397645,-2.00532691382529,,,,,,
-0.782830952594996,-1.1358690336025,-2.00563761624672,-0.781150057764344,-1.13682407248137,-2.00476858110842,,,,,,
-0.781981872600315,-1.13634072753911,-2.00516590470004,-0.780010150274586,-1.13745735442013,-2.00413529916967,,,,,,
-0.780997769496113,-1.136887430091,-2.00461918024843,-0.778735593573496,-1.13816544147629,-2.00342721211351,,,,,,
-0.779878880129183,-1.13750900968043,-2.00399757447355,-0.777326679546355,-1.13894817149137,-2.00264448209843,,,,,,
-0.778625473918592,-1.13820531663464,-2.00330123705273,-0.775783732547863,-1.13980536426831,-2.00178728932149,,,,,,
-0.777237852861224,-1.13897618318276,-2.00253033576212,-0.774107109397345,-1.14073682157415,-2.00085583201564,,,,,,
-0.775716351526894,-1.13982142345853,-2.00168505647392,-0.772297199360272,-1.1417423271503,-1.99985032643949,,,,,,
-0.774061337039905,-1.14074083351056,-2.00076560314624,-0.770354424114231,-1.14282164673143,-1.99877100685836,,,,,,
-0.772273209088702,-1.14173419129695,-1.9997721978283,-0.768279237748439,-1.14397452804576,-1.99761812554403,,,,,,
-0.770352399880284,-1.14280125671066,-1.99870508063527,-0.766072126698822,-1.14520070085111,-1.99639195273869,,,,,,
-0.768299374124175,-1.14394177158839,-1.99756450973925,-0.76373360971903,-1.14649987695099,-1.9950927766388,,,,,,
-0.766114629019839,-1.14515545971759,-1.99635076136234,-0.761264237855218,-1.14787175020866,-1.99372090338113,,,,,,
-0.763798694242998,-1.14644202684408,-1.995064129769,-0.758664594419372,-1.14931599656191,-1.99227665702788,,,,,,
-0.761352131871419,-1.14780116071327,-1.9937049272249,-0.755935294895212,-1.15083227407533,-1.99076037951446,,,,,,
-0.758775536349838,-1.14923253108966,-1.99227348397729,-0.753076986889383,-1.15242022296746,-1.98917243062233,,,,,,
-0.756069534473801,-1.15073578976585,-1.99077014824621,-0.750090350103599,-1.15407946562623,-1.98751318796356,,,,,,
-0.753234785272052,-1.15231057062784,-1.98919528615899,-0.746976096195057,-1.15580960668653,-1.98578304690326,,,,,,
-0.750271979982627,-1.15395648966839,-1.98754928173706,-0.743734968741454,-1.15761023304964,-1.98398242054015,,,,,,
-0.747181841972517,-1.15567314503158,-1.98583253685129,-0.740367743144003,-1.15948091393712,-1.98211173965268,,,,,,
-0.743965126602601,-1.15746011708792,-1.98404547114698,-0.736875226471854,-1.1614212009772,-1.98017145261259,,,,,,
-0.740622621188782,-1.15931696845591,-1.9821885220222,-0.733258257412194,-1.16343062823257,-1.97816202535723,,,,,,
-0.737155144837205,-1.16124324409366,-1.98026214453636,-0.729517706084073,-1.16550871230374,-1.97608394128605,,,,,,
-0.733563548326625,-1.16323847136415,-1.97826681134476,-0.725654473904651,-1.16765495240342,-1.97393770118637,,,,,,
-0.729848713950093,-1.16530216012328,-1.97620301261071,-0.721669493412453,-1.16986883045464,-1.97172382313515,,,,,,
-0.726011555430106,-1.16743380276697,-1.97407125595832,-0.717563728170112,-1.17214981114483,-1.96944284244496,,,,,,
-0.722053017667102,-1.16963287437093,-1.97187206633285,-0.713338172489254,-1.17449734207864,-1.96709531151115,,,,,,
-0.717974076538239,-1.17189883280241,-1.96960598588889,-0.708993851210853,-1.17691085389998,-1.96468179968981,,,,,,
-0.713775738773676,-1.17423111878899,-1.96727357392162,-0.704531819568922,-1.17938976036772,-1.96220289322208,,,,,,
-0.709459041639091,-1.17662915609493,-1.96487540669046,-0.699953162848697,-1.18193345854562,-1.95965919504417,,,,,,
-0.705025052762437,-1.17909235161746,-1.96241207732279,-0.695258996199468,-1.1845413289063,-1.95705132468349,,,,,,
-0.700474869768664,-1.18162009558967,-1.95988419561106,-0.690450464244764,-1.18721273554781,-1.95437991804199,,,,,,
-0.695809620115019,-1.18421176167207,-1.95729238792127,-0.685528740906104,-1.18994702629151,-1.95164562729829,,,,,,
-0.691030460697828,-1.18686670717102,-1.95463729697452,-0.680495028985933,-1.19274353291382,-1.94884912067597,,,,,,
-0.686138577555286,-1.18958427320386,-1.95191958168188,-0.675350559853407,-1.19560157132078,-1.94599108226901,,,,,,
-0.681135185503106,-1.19236378490133,-1.94913991694201,-0.670096593060455,-1.19852044176131,-1.94307221182848,,,,,,
-0.676021527752357,-1.19520455161987,-1.94629899342885,-0.664734415940414,-1.20149942905022,-1.94009322453957,,,,,,
-0.670798875586631,-1.19810586712102,-1.9433975174122,-0.659265343269848,-1.20453780275609,-1.9370548508337,,,,,,
-0.665468527773378,-1.2010670098984,-1.94043621043078,-0.653690716653135,-1.20763481754316,-1.93395783604664,,,,,,
-0.660031810293499,-1.20408724332798,-1.93741580914194,-0.648011904241662,-1.21078971332731,-1.93080294026249,,,,,,
-0.654490075775048,-1.20716581598269,-1.93433706500711,-0.642230300144343,-1.2140017156036,-1.9275909379862,,,,,,
-0.64884470303207,-1.21030196188857,-1.93120074403552,-0.636347323949509,-1.21727003571184,-1.92432261787796,,,,,,
-0.643097096570049,-1.21349490079959,-1.92800762650954,-0.630364420213012,-1.220593871121,-1.92099878246879,,,,,,
-0.63724868596492,-1.2167438385426,-1.92475850663962,-0.624283057815929,-1.22397240578605,-1.91762024780375,,,,,,
-0.631300925404396,-1.22004796727213,-1.92145419230951,-0.618104729492536,-1.22740481041015,-1.91418784317964,,,,,,
-0.625255293023903,-1.22340646583936,-1.91809550470733,-0.611830951145684,-1.23089024282507,-1.91070241076472,,,,,,
-0.619113290329406,-1.22681850011272,-1.9146832780049,-0.605463261253962,-1.23442784832047,-1.90716480526932,,,,,,
-0.612876441508891,-1.23028322336042,-1.91121835897525,-0.599003220164516,-1.23801676003683,-1.90357589355296,,,,,,
-0.606546292875084,-1.23379977656002,-1.90770160668304,-0.592452409523107,-1.24165609928206,-1.89993655430773,,,,,,
-0.600124411982371,-1.23736728888905,-1.9041338919939,-0.585812431368088,-1.24534497603485,-1.89624767755495,,,,,,
-0.593612387208997,-1.24098487795709,-1.90051609734238,-0.579084907707121,-1.24908248917983,-1.89251016440996,,,,,,
-0.587011826781191,-1.2446516503479,-1.89684911618978,-0.572271479517758,-1.25286772706281,-1.88872492652698,,,,,,
-0.580324358226528,-1.24836670192314,-1.89313385272044,-0.565373806193045,-1.25669976779876,-1.88489288579103,,,,,,
-0.573551627437723,-1.25212911834242,-1.88937122132166,-0.558393564585938,-1.26057767980271,-1.88101497378708,,,,,,
-0.566695297919047,-1.25593797548195,-1.885562146165,-0.551332448243726,-1.26450052221505,-1.87709213137474,,,,,,
-0.559757050035343,-1.2597923398518,-1.88170756078914,-0.544192166646138,-1.26846734532482,-1.87312530826497,,,,,,
-0.552738580222385,-1.26369126903448,-1.87780840766109,-0.536974444404604,-1.27247719101456,-1.86911546257523,,,,,,
-0.545641600045446,-1.26763381220799,-1.87386563765325,-0.529681020306553,-1.27652909329126,-1.86506356029854,,,,,,
-0.538467835305032,-1.27161901064263,-1.86988020954657,-0.522313646409756,-1.28062207878948,-1.86097057480032,,,,,,
-0.531219025427267,-1.2756458980396,-1.86585308969187,-0.514874087429903,-1.28475516711162,-1.85683748647818,,,,,,
-0.523896922288547,-1.279713501184,-1.86178525135687,-0.507364119548245,-1.28892737149032,-1.85266528209948,,,,,,
-0.516503289399489,-1.28382084039816,-1.85767767427283,-0.499785529589583,-1.29313769924513,-1.84845495434466,,,,,,
-0.509039901115701,-1.28796692998004,-1.85353134419609,-0.492140114228521,-1.2973851522235,-1.8442075013663,,,,,,
-0.501508541596888,-1.29215077878153,-1.84934725232978,-0.484429678938688,-1.30166872738451,-1.83992392620528,,,,,,
-0.493911003861433,-1.29637139073362,-1.84512639479861,-0.476656037041177,-1.30598741732758,-1.83560523626222,,,,,,
-0.486249088950456,-1.30062776531082,-1.84086977218444,-0.468821008865899,-1.31034021075829,-1.83125244283151,,,,,,
-0.478524604981848,-1.30491889805662,-1.83657838900072,-0.460926420801235,-1.31472609301643,-1.82686656057336,,,,,,
-0.470739366089626,-1.30924378117279,-1.8322532531033,-0.452974104227514,-1.3191440466685,-1.82244860692129,,,,,,
-0.462895191576095,-1.31360140399027,-1.82789537521932,-0.444965894669068,-1.32359305197875,-1.81799960161105,,,,,,
-0.454993905000457,-1.31799075347556,-1.82350576844098,-0.436903630881969,-1.32807208741602,-1.81352056617377,,,,,,
-0.447037333080825,-1.32241081484064,-1.81908544761547,-0.428789153752374,-1.3325801302658,-1.80901252332399,,,,,,
-0.439027304772429,-1.32686057205504,-1.81463542883285,-0.420624305375697,-1.33711615714173,-1.80447649644806,,,,,,
-0.430965650483426,-1.3313390082815,-1.81015672899045,-0.412410928276707,-1.34167914441895,-1.79991350917085,,,,,,
-0.422854200984107,-1.33584510648192,-1.80565036518684,-0.404150864317802,-1.34626806884056,-1.79532458474923,,,,,,
-0.414694786530848,-1.34037784990402,-1.80111735423511,-0.395845953826999,-1.35088190800212,-1.79071074558767,,,,,,
-0.406489235799678,-1.34493622267377,-1.79655871207041,-0.38749803453296,-1.35551964094325,-1.78607301264654,,,,,,
-0.3982393751194,-1.34951921022142,-1.79197545332393,-0.379108940805545,-1.36018024856959,-1.7814124050202,,,,,,
-0.389947027447181,-1.35412579985057,-1.78736859075376,-0.370680502634996,-1.3648627142199,-1.77672993936989,,,,,,
-0.381614011620708,-1.35875498115359,-1.78273913482943,-0.36221454489299,-1.36956602407657,-1.77202662951322,,,,,,
-0.373242141232922,-1.36340574663678,-1.7780880931067,-0.353712886210731,-1.37428916778894,-1.76730348580086,,,,,,
-0.364833223908717,-1.36807709212215,-1.77341646982582,-0.34517733826619,-1.37903113886924,-1.76256151472056,,,,,,
-0.356389060422325,-1.3727680172377,-1.76872526542109,-0.336609704909935,-1.38379093517827,-1.75780171841153,,,,,,
-0.347911443765258,-1.37747752593524,-1.7640154760031,-0.328011781241376,-1.38856755943858,-1.75302509415122,,,,,,
-0.339402158267308,-1.3822046269787,-1.75928809287037,-0.319385352739553,-1.39336001971737,-1.74823263387243,,,,,,
-0.33086297907449,-1.38694833423407,-1.75454410221932,-0.310732194756214,-1.39816732970811,-1.74342532388168,,,,,,
-0.322295670917303,-1.39170766735373,-1.74978448445996,-0.302054071289762,-1.4029885094117,-1.7386041441781,,,,,,
-0.313701987707571,-1.39648165200037,-1.74501021399191,-0.293352734599634,-1.40782258535066,-1.73377006823914,,,,,,
-0.305083671450012,-1.40126932045165,-1.74022225859972,-0.284629924126668,-1.41266859116897,-1.72892406242082,,,,,,
-0.296442451633922,-1.40606971193812,-1.73542157911487,-0.275887365900263,-1.41752556796142,-1.72406708562838,,,,,,
-0.287780044660979,-1.41088187296106,-1.73060912909795,-0.267126771982187,-1.42239256458257,-1.71920008900722,,,,,,
-0.279098152889065,-1.4157048578237,-1.72578585430739,-0.258349839522157,-1.42726863817148,-1.71432401541832,,,,,,
-0.270398464167647,-1.42053772888928,-1.72095269244135,-0.249558250310999,-1.4321528543999,-1.7094397991899,,,,,,
-0.261682650866726,-1.42537955712051,-1.71611057259819,-0.240753669822108,-1.43704428800484,-1.70454836558496,,,,,,
-0.25295236963268,-1.43022942221517,-1.71126041514096,-0.231937746987825,-1.44194202291277,-1.69965063067702,,,,,,
-0.244209260570336,-1.43508641306053,-1.70640313124283,-0.223112113395994,-1.44684515268601,-1.69474750090378,,,,,,
-0.235454946664159,-1.43994962805482,-1.70153962256561,-0.214278382728445,-1.45175278083465,-1.68983987275514,,,,,,
-0.226691033126561,-1.44481817546931,-1.69667078089768,-0.205438150126231,-1.45666402116921,-1.68492863242058,,,,,,
-0.217919107137348,-1.449691173593,-1.69179748800924,-0.196592991949431,-1.4615779979341,-1.68001465565569,,,,,,
-0.209140737095683,-1.45456775114821,-1.68692061523671,-0.18774446504528,-1.46649384621419,-1.67509880737561,,,,,,
-0.200357472284438,-1.459447047477,-1.68204102329626,-0.178894106432361,-1.47141071211025,-1.67018194147954,,,,,,
-0.191570842234012,-1.46432821289458,-1.67715956193037,-0.170043432681879,-1.47632775308274,-1.66526490050705,,,,,,
-0.182782356529589,-1.46921040879637,-1.67227706980078,-0.161193939745843,-1.48124413804721,-1.66034851554259,,,,,,
-0.173993504091014,-1.4740928080581,-1.66739437408835,-0.152347102253969,-1.48615904776491,-1.65543360582488,,,,,,
-0.165205753103483,-1.47897459507417,-1.66251229045461,-0.143504373466113,-1.49107167486928,-1.65052097872052,,,,,,
-0.156420550521388,-1.48385496603342,-1.6576316227661,-0.134667184794662,-1.4959812241312,-1.6456114294586,,,,,,
-0.14763932170844,-1.48873312911896,-1.65275316289439,-0.125836945464266,-1.50088691264808,-1.64070574094171,,,,,,
-0.138863470192613,-1.49360830464426,-1.64787769058002,-0.117015042287005,-1.50578796996878,-1.63580468362101,,,,,,
-0.130094377334326,-1.4984797252376,-1.64300597324807,-0.108202839350157,-1.51068363826703,-1.63090901532276,,,,,,
-0.12133340225042,-1.50334663588417,-1.63813876596595,-0.099401677960951,-1.51557317237215,-1.62601948121765,,,,,,
-0.112581881297678,-1.50820829421302,-1.63327681115651,-0.09061287614864,-1.52045584004565,-1.62113681354414,,,,,,
-0.103841128088334,-1.51306397048849,-1.62842083860656,-0.081837728700958,-1.52533092196103,-1.61626173162876,,,,,,
-0.095112433201183,-1.5179129477706,-1.62357156530648,-0.073077506894653,-1.53019771185342,-1.61139494173637,,,,,,
-0.086397064066287,-1.52275452197917,-1.61872969538606,-0.064333458400124,-1.53505551657261,-1.60653713701719,,,,,,
-0.077696264985094,-1.52758800188255,-1.61389592012577,-0.055606807321739,-1.5399036560606,-1.6016889975292,,,,,,
-0.069011256544311,-1.53241270942331,-1.60907091763104,-0.046898753629826,-1.54474146366722,-1.59685118992258,,,,,,
-0.060343236082604,-1.5372279794589,-1.60425535309164,-0.038210473648546,-1.54956828587904,-1.59202436771076,,,,,,
-0.0516933774564,-1.54203315989181,-1.59944987865148,-0.029543119840348,-1.55438348243915,-1.58720917115065,,,,,,
-0.043062830646887,-1.54682761188779,-1.59465513319031,-0.020897820431398,-1.55918642655523,-1.58240622703456,,,,,,
-0.034452722283176,-1.55161070958533,-1.58987174261438,-0.012275679954803,-1.56397650459778,-1.57761614899201,,,,,,
-0.025864155079121,-1.55638184040843,-1.58510031954352,-0.003677778705229,-1.5687531164031,-1.57283953718669,,,,,,
-0.017298208441408,-1.56114040472877,-1.58034146364902,0.004894826633709,-1.57351567492474,-1.56807697866506,,,,,,
-0.008755937999318,-1.56588581612703,-1.57559576139231,0.013441103442149,-1.57826360648498,-1.56332904710481,,,,,,
-0.00023837615586,-1.57061750108664,-1.57086378633127,0.02196004259437,-1.58299635045844,-1.55859630313136,,,,,,
0.008253468649249,-1.57533489940314,-1.56614609871068,0.030450659178454,-1.58771335967182,-1.55387929391798,,,,,,
0.016718611037634,-1.5800374636834,-1.56144324596318,0.038911991576884,-1.59241409989317,-1.54917855369663,,,,,,
0.025156088792707,-1.58472465940102,-1.5567557626538,0.047343101549502,-1.59709804987795,-1.54449460371184,,,,,,
0.033564962901459,-1.5893959649198,-1.55208417045648,0.055743074259019,-1.60176470138324,-1.53982795220655,,,,,,
0.041944317460598,-1.59405087144152,-1.54742897820628,0.064111018160292,-1.60641355910617,-1.53517909448362,,,,,,
0.050293259642549,-1.59868888298707,-1.54279068191828,0.072446064949862,-1.61104414065593,-1.53054851293386,,,,,,
0.058610918919987,-1.60330951596563,-1.53816976521842,0.080747368775578,-1.61565597611466,-1.52593667747513,,,,,,
0.066896447446667,-1.60791229938623,-1.53356669913186,0.089014106601305,-1.62024860824007,-1.52134404534973,,,,,,
0.07514901975995,-1.61249677469248,-1.52898194224834,0.09724547789426,-1.62482159229171,-1.51677106129809,,,,,,
0.083367832498511,-1.61706249560577,-1.52441594087891,0.105440704328227,-1.62937449586613,-1.51221815772366,,,,,,
0.091552104045006,-1.62160902792673,-1.51986912925455,0.113599029412302,-1.63390689869062,-1.50768575489917,,,,,,
0.099701075068477,-1.62613594983659,-1.51534192922473,0.121719719016801,-1.63841839291534,-1.50317426067445,,,,,,
0.107814007145175,-1.63064285113095,-1.51083475102375,0.129802059983944,-1.64290858234153,-1.49868407124826,,,,,,
0.115890183218604,-1.63512933347539,-1.50634799301504,0.137845360572598,-1.64737708266856,-1.49421557092123,,,,,,
0.123928907180751,-1.6395950101728,-1.50188204192385,0.145848950027075,-1.65182352125438,-1.48976913233541,,,,,,
0.131929503866704,-1.6440395061604,-1.4974372728403,0.153812178558023,-1.65624753710491,-1.48534511648488,,,,,,
0.139891318365568,-1.64846245762692,-1.49301404960214,0.161734416642977,-1.66064878048544,-1.48094387310435,,,,,,
0.147813716040347,-1.65286351202365,-1.48861272478375,0.169615055033202,-1.66502691292445,-1.47656574066534,,,,,,
0.155696082192144,-1.65724232787792,-1.48423363988263,0.177453504406658,-1.66938160702082,-1.47221104656898,,,,,,
0.163537821634859,-1.66159857455677,-1.47987712555578,0.185249194932357,-1.67371254620176,-1.46788010738803,,,,,,
0.17133835871333,-1.66593193227707,-1.47554350160955,0.193001576276072,-1.67801942472605,-1.46357322886375,,,,,,
0.1790971364631,-1.67024209163875,-1.47123307746649,0.200710116753125,-1.6823019472133,-1.45929070637649,,,,,,
0.186813616841949,-1.67452875375337,-1.46694615203666,0.208374303546725,-1.6865598287653,-1.45503282482449,,,,,,
0.194487280463302,-1.67879163009609,-1.4626830138658,0.215993642431317,-1.6907927948123,-1.4507998587775,,,,,,
0.202117625792735,-1.68303044205925,-1.4584439415817,0.223567656963145,-1.69500058066331,-1.44659207292648,,,,,,
0.209704169107374,-1.68724492092984,-1.45422920391675,0.231095888429196,-1.69918293147778,-1.44240972211201,,,,,,
0.217246444205412,-1.69143480772813,-1.45003905986933,0.238577895547912,-1.70333960209929,-1.4382530514905,,,,,,
0.224744002217262,-1.69559985310273,-1.44587375880873,0.24601325427109,-1.7074703569455,-1.43412229664429,,,,,,
0.232196410851602,-1.69973981691177,-1.44173354089401,0.253401557025739,-1.71157496958697,-1.43001768400282,,,,,,
0.239603254705555,-1.70385446839523,-1.43761863690169,0.260742413011475,-1.71565322291238,-1.42593943067741,,,,,,
0.246964134360746,-1.70794358567273,-1.43352926872795,0.268035447294311,-1.71970490862507,-1.42188774496472,,,,,,
0.254278666446362,-1.71200695577861,-1.42946564935358,0.275280300859678,-1.7237298272725,-1.4178628263173,,,,,,
0.261546482852372,-1.71604437422481,-1.42542798328108,0.282476629823445,-1.72772778780792,-1.41386486578187,,,,,,
0.268767231231587,-1.72005564527981,-1.42141646625577,0.2896241059199,-1.73169860786151,-1.40989404572829,,,,,,
0.275940573893081,-1.72404058135386,-1.41743128588055,0.29672241539676,-1.73564211312643,-1.40595054046336,,,,,,
0.283066187623585,-1.72799900289979,-1.41347262171511,0.303771258829961,-1.73955813725599,-1.40203451633381,,,,,,
0.290143763764378,-1.73193073845573,-1.40954064523322,0.310770351191048,-1.74344652190103,-1.39814613168876,,,,,,
0.297173007666247,-1.73583562434228,-1.40563552012557,0.317719421299324,-1.74730711640563,-1.39428553718416,,,,,,
0.304153638080844,-1.73971350432448,-1.40175740263787,0.324618211211925,-1.75113977746819,-1.3904528761216,,,,,,
0.31108538723634,-1.74356422965371,-1.39790644152881,0.331466476290759,-1.75494436917865,-1.38664828441114,,,,,,
0.317968000480392,-1.74738765886947,-1.39408277826846,0.338263984841599,-1.75872076281801,-1.38287189077179,,,,,,
0.324801235910416,-1.75118365759393,-1.39028654724366,0.345010517741136,-1.76246883665108,-1.37912381693871,,,,,,
0.331584863861031,-1.75495209824719,-1.38651787604275,0.351705867923417,-1.76618847564124,-1.37540417794855,,,,,,
0.338318666808254,-1.7586928599941,-1.38277688550885,0.358349840278082,-1.76987957139383,-1.37171308219596,,,,,,
0.345002439147523,-1.76240582862087,-1.37906368986311,0.364942251424127,-1.77354202203052,-1.36805063155927,,,,,,
0.351635986772451,-1.76609089630115,-1.37537839693883,0.371482929287213,-1.77717573195446,-1.36441692163533,,,,,,
0.358219126615978,-1.76974796134105,-1.37172110843629,0.377971712640532,-1.78078061159519,-1.3608120419946,,,,,,
0.364751686755878,-1.7733769282378,-1.3680919198642,0.384408451202166,-1.78435657746277,-1.35723607612703,,,,,,
0.371233505872231,-1.77697770737836,-1.36449092084107,0.390793005093839,-1.78790355184703,-1.35368910174276,,,,,,
0.377664432790696,-1.78055021478568,-1.36091819534898,0.39712524438469,-1.79142146256417,-1.35017119102562,,,,,,
0.384044326431088,-1.78409437209011,-1.35737382176212,0.403405049034745,-1.79491024292531,-1.34668241066448,,,,,,
0.390373055511451,-1.78761010636508,-1.35385787301122,0.409632308597503,-1.79836983157129,-1.34322282201851,,,,,,
0.39665049834943,-1.79109735001671,-1.35037041669389,0.415806922018541,-1.80180017236075,-1.33979248122904,,,,,,
0.402876542412351,-1.79455604053384,-1.3469115153246,0.421928797187084,-1.80520121412105,-1.33639143946874,,,,,,
0.409051084065844,-1.79798612034845,-1.34348122647427,0.42799785068347,-1.80857291050794,-1.33301974308186,,,,,,
0.415174028339229,-1.8013875367053,-1.34007960290071,0.434014007543069,-1.81191521987438,-1.32967743371541,,,,,,
0.421245288855846,-1.80476024162319,-1.33670669258725,0.439977201182502,-1.81522810522962,-1.32636454836017,,,,,,
0.427264787230124,-1.80810419156009,-1.33336253907774,0.44588737280217,-1.81851153390721,-1.32308111968258,,,,,,
0.43323245295024,-1.81141934734791,-1.33004718154172,0.451744471266248,-1.82176547749837,-1.31982717609143,,,,,,
0.439148223259807,-1.81470567412677,-1.32676065484021,0.457548452981662,-1.82498991178471,-1.31660274180508,,,,,,
0.445012043058005,-1.81796314128955,-1.32350298958107,0.463299281795111,-1.82818481668107,-1.31340783690872,,,,,,
0.45082386396172,-1.82119172196088,-1.32027421264018,0.468996928068535,-1.83135017572186,-1.31024247786793,,,,,,
0.45658364483622,-1.8243913932919,-1.31707434686655,0.474641369195302,-1.83448597634784,-1.30710667724195,,,,,,
0.462291351188201,-1.82756213612316,-1.31390341141948,0.480232589000644,-1.83759220957303,-1.30400044401676,,,,,,
0.467946954913303,-1.83070393484432,-1.31076142190892,0.485770577490183,-1.840668869845,-1.3009237837448,,,,,,
0.473550434309075,-1.83381677740134,-1.3076483903882,0.491255330858447,-1.84371595504959,-1.2978766985402,,,,,,
0.479101773621633,-1.83690065504465,-1.30456432560593,0.496686851041007,-1.84673346626212,-1.29485918732767,,,,,,
0.48460096281785,-1.83995556220264,-1.30150923313253,0.502065145487774,-1.84972140762144,-1.29187124596836,,,,,,
0.490047997651261,-1.84298149651818,-1.29848311532363,0.507390227223653,-1.85267978636359,-1.2889128672262,,,,,,
0.495442879323968,-1.8459784586609,-1.2954859715079,0.512662114514004,-1.85560861263601,-1.28598404095378,,,,,,
0.500785614092116,-1.84894645210797,-1.29251779820626,0.517880830475514,-1.85850789928129,-1.2830847543085,,,,,,
0.506076213315245,-1.85188548317153,-1.28957858910442,0.523046403121009,-1.86137766186212,-1.28021499172767,,,,,,
0.51131469301094,-1.8547955607513,-1.2866683353003,0.528158864921096,-1.86421791841773,-1.27737473517207,,,,,,
0.516501074003337,-1.85767669641704,-1.28378702522157,0.533218252945959,-1.86702868954265,-1.27456396404714,,,,,,
0.521635381479064,-1.86052890416192,-1.28093464487231,0.538224608428563,-1.8698099981441,-1.27178265544569,,,,,,
0.526717644792602,-1.86335220029438,-1.27811117794115,0.543177976571934,-1.87256186933486,-1.26903078425493,,,,,,
0.531747897449588,-1.86614660342881,-1.27531660581059,0.548078406529851,-1.87528433042259,-1.2663083231672,,,,,,
0.536726176885335,-1.86891213436258,-1.27255090767998,0.552925951187995,-1.87797741078823,-1.26361524280157,,,,,,
0.541652524250224,-1.87164881595677,-1.26981406068476,0.557720666951958,-1.88064114176821,-1.26095151182159,,,,,,
0.54652698433843,-1.87435667309664,-1.26710603993611,0.562462613675089,-1.88327555661439,-1.2583170969754,,,,,,
0.551349605085002,-1.87703573241216,-1.26442681880031,0.567151854166469,-1.88588069022071,-1.25571196336908,,,,,,
0.556120437915,-1.87968602247205,-1.26177636870477,0.571788454528044,-1.88845657931048,-1.25313607427932,,,,,,
0.560839537258258,-1.88230757351416,-1.2591546594076,0.576372483680067,-1.89100326217271,-1.25058939141708,,,,,,
0.565506960377589,-1.88490041735008,-1.2565616590931,0.580904013191879,-1.89352077856816,-1.24807187502163,,,,,,
0.570122767660663,-1.88746458752724,-1.25399733420956,0.585383117562821,-1.89600916988535,-1.24558348370444,,,,,,
0.574687021720276,-1.89000011882915,-1.25146164996914,0.589809873346448,-1.89846847865403,-1.24312417493576,,,,,,
0.579199787950504,-1.89250704758429,-1.24895457003887,0.594184359688201,-1.9008987488439,-1.2406939047459,,,,,,
0.583661134020558,-1.894985411385,-1.24647605682184,0.59850665783206,-1.90330002559049,-1.23829262799931,,,,,,
0.588071129977531,-1.89743524914453,-1.24402607140017,0.60277685121797,-1.90567235524932,-1.23592029834047,,,,,,
0.592429847765273,-1.89985660082975,-1.24160457380225,0.606995025013743,-1.90801578513587,-1.23357686845393,,,,,,
0.596737361392874,-1.90224950755476,-1.23921152290914,0.611161266276392,-1.91033036361511,-1.23126228997468,,,,,,
0.600993746776598,-1.90461401149311,-1.23684687654239,0.615275663797017,-1.91261614001546,-1.22897651357433,,,,,,
0.605199081426713,-1.90695015570378,-1.23451059163806,0.619338307796155,-1.91487316445943,-1.22671948913037,,,,,,
0.609353444660108,-1.90925798424935,-1.23220262412856,0.62334929012743,-1.9171014879768,-1.22449116561299,,,,,,
0.613456917104985,-1.9115375419208,-1.22992292921784,0.627308703797288,-1.91930116223783,-1.22229149135196,,,,,,
0.617509581060964,-1.91378887443756,-1.22767146118129,0.631216643310833,-1.92147223974536,-1.22012041384443,,,,,,
0.621511519791744,-1.91601202805462,-1.22544817375879,0.635073203987705,-1.92361477345473,-1.21797788013506,,,,,,
0.625462817935053,-1.9182070497902,-1.22325301992687,0.638878482355993,-1.92572881699267,-1.21586383659712,,,,,,
0.629363561185478,-1.92037398724959,-1.22108595207497,0.64263257584473,-1.92781442448641,-1.21377822910338,,,,,,
0.633213836206908,-1.92251288857653,-1.21894692205408,0.646335582698124,-1.92987165051608,-1.21172100307372,,,,,,
0.637013730502885,-1.92462380238116,-1.21683588124874,0.649987601849402,-1.93190055004456,-1.20969210354523,,,,,,
0.640763332473397,-1.92670677777157,-1.21475278054549,0.653588732973865,-1.93390117844704,-1.20769147514275,,,,,,
0.644462731029115,-1.92876186413952,-1.21269757054724,0.657139076116893,-1.93587359130428,-1.20571906228551,,,,,,
0.648112015874736,-1.93078911131782,-1.21067020141577,0.660638731964729,-1.93781784455308,-1.20377480903671,,,,,,
0.651711277165686,-1.93278856938968,-1.20867062306253,0.664087801513515,-1.93973399430241,-1.20185865928739,,,,,,
0.655260605464879,-1.93476028866458,-1.20669878517259,0.66748638602674,-1.94162209680975,-1.19997055678004,,,,,,
0.65876009177713,-1.93670431969751,-1.20475463718559,0.670834587066887,-1.94348220849872,-1.19811044509107,,,,,,
0.662209827301561,-1.93862071315137,-1.20283812843324,0.67413250625718,-1.94531438582666,-1.19627826776313,,,,,,
0.665609903462959,-1.94050951981438,-1.20094920812192,0.677380245310539,-1.94711868530075,-1.19447396828904,,,,,,
0.668960411821449,-1.9423707905499,-1.19908782538288,0.680577905942025,-1.94889516342935,-1.19269749016044,,,,,,
0.672261443982877,-1.94420457624671,-1.19725392932196,0.683725589782194,-1.95064387667389,-1.1909487769159,,,,,,
0.67551309155384,-1.94601092779394,-1.19544746904468,0.686823398333084,-1.95236488142439,-1.18922777216541,,,,,,
0.67871544603737,-1.94778989602318,-1.1936683937141,0.689871432867763,-1.95405823394365,-1.18753441964614,,,,,,
0.681868598785806,-1.94954153168231,-1.19191665257703,0.692869794384469,-1.95572399034182,-1.18586866324797,,,,,,
0.6849726409508,-1.95126588540767,-1.19019219499182,0.695818583558044,-1.95736220654937,-1.18423044704043,,,,,,
0.688027663401857,-1.95296300767887,-1.1884949704736,0.698717900661541,-1.95897293827353,-1.18261971531626,,,,,,
0.691033756623722,-1.95463294876174,-1.18682492875132,0.701567845467956,-1.96055624094376,-1.18103641264603,,,,,,
0.693991010817345,-1.95627575876445,-1.18518201971157,0.704368517345072,-1.96211216976438,-1.17948048382541,,,,,,
0.696899515641859,-1.95789148749415,-1.18356619354203,0.707120015009897,-1.96364077957817,-1.17795187401162,,,,,,
0.699759360236531,-1.9594801844692,-1.18197740071922,0.709822436548923,-1.96514212487763,-1.17645052871216,,,,,,
0.702570633229255,-1.96104189892386,-1.18041559200379,0.712475879425286,-1.96661625980894,-1.17497639378085,,,,,,
0.705333422647938,-1.96257667975907,-1.17888071848974,0.715080440394119,-1.96806323812496,-1.17352941546483,,,,,,
0.708047815764101,-1.96408457545557,-1.17737273169134,0.717636215354391,-1.96948311310289,-1.1721095404869,,,,,,
0.710713899247272,-1.96556563415967,-1.17589158345731,0.720143299493756,-1.97087593762476,-1.17071671596503,,,,,,
0.713331758973645,-1.96701990357696,-1.17443722607714,0.722601787107469,-1.97224176407682,-1.16935088951297,,,,,,
0.715901480017791,-1.96844743096769,-1.17300961228574,0.72501177159003,-1.97358064434491,-1.16801200924488,,,,,,
0.718423146550118,-1.96984826308985,-1.17160869532032,0.72737334533844,-1.9748926297607,-1.1667000238291,,,,,,
0.720896841976673,-1.97122244627677,-1.17023442884278,0.729686599882475,-1.97617777117405,-1.16541488241574,,,,,,
0.723322648656114,-1.97257002627997,-1.16888676709695,0.731951625618976,-1.97743611880544,-1.16415653478435,,,,,,
0.725700648014755,-1.97389104833297,-1.16756566484465,0.734168511919184,-1.97866772230555,-1.16292493128424,,,,,,
0.728030920500918,-1.97518555712604,-1.16627107739106,0.736337347085285,-1.97987263073117,-1.16172002285863,,,,,,
0.73031354549597,-1.97645359675672,-1.16500296063412,0.738458218266921,-1.98105089249874,-1.16054176109105,,,,,,
0.732548601264351,-1.97769521070206,-1.16376127109236,0.740531211414379,-1.98220255535844,-1.15939009823135,,,,,,
0.73473616501497,-1.97891044185275,-1.16254596587071,0.742556411335064,-1.98332766642549,-1.15826498716431,,,,,,
0.736876312807848,-1.98009933246125,-1.16135700271242,0.74453390160614,-1.98442627213164,-1.15716638145815,,,,,,
0.738969119478071,-1.98126192409953,-1.16019434004128,0.746463764503889,-1.98549841818595,-1.15609423540385,,,,,,
0.74101465871576,-1.98239825770351,-1.15905793691721,0.748346081077014,-1.98654414961546,-1.15504850397433,,,,,,
0.743013002883446,-1.98350837347162,-1.15794775313768,0.750180930977907,-1.98756351067151,-1.15402914291828,,,,,,
0.744964223118257,-1.98459231092155,-1.15686374918099,0.751968392556447,-1.98855654488181,-1.15303610870798,,,,,,
0.746868389283587,-1.98565010886341,-1.15580588623311,0.753708542814875,-1.98952329502538,-1.15206935856441,,,,,,
0.748725569843548,-1.98668180532996,-1.15477412625738,0.755401457292632,-1.99046380306858,-1.15112885052121,,,,,,
0.750535831999671,-1.98768743765262,-1.15376843191864,0.757047210190887,-1.99137811023428,-1.15021454335552,,,,,,
0.752299241542662,-1.98866704237903,-1.15278876666552,0.75864587423664,-1.99226625692636,-1.14932639666343,,,,,,
0.754015862842441,-1.98962065526758,-1.15183509473601,0.760197520673695,-1.99312828272473,-1.14846437086507,,,,,,
0.755685758887771,-1.99054831130941,-1.15090738113545,0.761702219298092,-1.99396422640495,-1.14762842718485,,,,,,
0.757308991175612,-1.99145004466691,-1.15000559169795,0.763160038357803,-1.99477412588257,-1.14681852770723,,,,,,
0.758885619766048,-1.9923258887043,-1.14912969305594,0.764571044602009,-1.99555801824046,-1.14603463534934,,,,,,
0.760415703220187,-1.99317587595308,-1.14827965267463,0.765935303224924,-1.99631593969763,-1.14527671389216,,,,,,
0.761899298593334,-1.99400003810824,-1.14745543885582,0.76725287785944,-1.9970479256057,-1.1445447279841,,,,,,
0.76333646142551,-1.99479840602303,-1.14665702074315,0.768523830568328,-1.99775401044397,-1.14383864314583,,,,,,
0.764727245721115,-1.99557100969763,-1.14588436833339,0.769748221825697,-1.99843422780917,-1.14315842578062,,,,,,
0.766071703889376,-1.99631787824608,-1.14513745250957,0.77092611046432,-1.99908861038619,-1.14250404320361,,,,,,
0.767369886787221,-1.9970390399201,-1.14441624501713,0.772057553713208,-1.9997171899689,-1.14187546362089,,,,,,
0.768621843660545,-1.99773452207644,-1.14372071849653,0.773142607145847,-2.00031999743148,-1.14127265615832,,,,,,
0.769827622183823,-1.99840435119894,-1.14305084646128,0.77418132471422,-2.00089706274724,-1.14069559084255,,,,,,
0.770987268365974,-1.99904855284617,-1.1424066033502,0.775173758667068,-2.00144841494327,-1.14014423864653,,,,,,
0.772100826618085,-1.99966715168911,-1.14178796448987,0.776119959608001,-2.00197408213268,-1.13961857145712,,,,,,
0.773168339659552,-2.00026017145895,-1.14119490614665,0.777019976415,-2.0024740914699,-1.1391185621199,,,,,,
0.774189848581496,-2.00082763498238,-1.14062740549158,0.777873856294181,-2.00294846918055,-1.13864418440924,,,,,,
0.775165392778907,-2.00136956414388,-1.14008544063798,0.778681644722156,-2.00339724052943,-1.13819541306037,,,,,,
0.776095009967665,-2.00188597989512,-1.13956899063204,0.779443385460324,-2.00382042982841,-1.13777222376138,,,,,,
0.776978736172011,-2.00237690224809,-1.13907803545977,0.780159120544033,-2.00421806043047,-1.13737459315932,,,,,,
0.777816605695406,-2.00284235025883,-1.1386125560632,0.780828890258712,-2.0045901547164,-1.13700249887339,,,,,,
0.778608651130427,-2.00328234203299,-1.13817253433485,0.781452733147926,-2.0049367340993,-1.13665591949049,,,,,,
0.779354903353343,-2.00369689472278,-1.1377579531208,0.782030686008447,-2.00525781902181,-1.13633483456798,,,,,,
0.78005539151027,-2.00408602451929,-1.13736879622831,0.782562783878691,-2.00555342894973,-1.13603922464007,,,,,,
0.780710142973677,-2.00444974662833,-1.13700504845003,0.783049060005804,-2.00582358235368,-1.13576907123612,,,,,,
0.781319183394812,-2.00478807529955,-1.13666669553489,0.783489545885507,-2.00606829673129,-1.1355243568585,,,,,,
0.781882536660284,-2.00510102380234,-1.13635372421216,0.783884271228849,-2.0062875885887,-1.13530506500109,,,,,,
0.782400224898801,-2.00538860442955,-1.13606612218777,0.784233263966996,-2.00648147344323,-1.13511118014657,,,,,,
0.782872268461619,-2.00565082848661,-1.13580387815511,0.784536550237618,-2.0066499658158,-1.134942687774,,,,,,
0.783298685934113,-2.00588770629802,-1.13556698178866,0.784794154392515,-2.00679307923518,-1.13479957435461,,,,,,
0.783679494114893,-2.00609924719571,-1.13535542375558,0.785006098984096,-2.00691082623051,-1.13468182735929,,,,,,
0.784014708023589,-2.00628545952334,-1.13516919571133,0.785172404770354,-2.00700321833398,-1.13458943525581,,,,,,
0.784304340894797,-2.00644635063299,-1.1350082903031,0.78529309071053,-2.00707026607852,-1.13452238751127,,,,,,
0.784548404167891,-2.00658192687946,-1.13487270117544,0.785368173960347,-2.00711197899509,-1.1344806745947,,,,,,
0.784746907492659,-2.00669219362344,-1.13476242296716,0.785397669874276,-2.00712836561394,-1.13446428797585,,,,,,
